frame,face_id,timestamp,confidence,success,pose_Tx,pose_Ty,pose_Tz,pose_Rx,pose_Ry,pose_Rz,X_0,X_1,X_2,X_3,X_4,X_5,X_6,X_7,X_8,X_9,X_10,X_11,X_12,X_13,X_14,X_15,X_16,X_17,X_18,X_19,X_20,X_21,X_22,X_23,X_24,X_25,X_26,X_27,X_28,X_29,X_30,X_31,X_32,X_33,X_34,X_35,X_36,X_37,X_38,X_39,X_40,X_41,X_42,X_43,X_44,X_45,X_46,X_47,X_48,X_49,X_50,X_51,X_52,X_53,X_54,X_55,X_56,X_57,X_58,X_59,X_60,X_61,X_62,X_63,X_64,X_65,X_66,X_67,Y_0,Y_1,Y_2,Y_3,Y_4,Y_5,Y_6,Y_7,Y_8,Y_9,Y_10,Y_11,Y_12,Y_13,Y_14,Y_15,Y_16,Y_17,Y_18,Y_19,Y_20,Y_21,Y_22,Y_23,Y_24,Y_25,Y_26,Y_27,Y_28,Y_29,Y_30,Y_31,Y_32,Y_33,Y_34,Y_35,Y_36,Y_37,Y_38,Y_39,Y_40,Y_41,Y_42,Y_43,Y_44,Y_45,Y_46,Y_47,Y_48,Y_49,Y_50,Y_51,Y_52,Y_53,Y_54,Y_55,Y_56,Y_57,Y_58,Y_59,Y_60,Y_61,Y_62,Y_63,Y_64,Y_65,Y_66,Y_67,Z_0,Z_1,Z_2,Z_3,Z_4,Z_5,Z_6,Z_7,Z_8,Z_9,Z_10,Z_11,Z_12,Z_13,Z_14,Z_15,Z_16,Z_17,Z_18,Z_19,Z_20,Z_21,Z_22,Z_23,Z_24,Z_25,Z_26,Z_27,Z_28,Z_29,Z_30,Z_31,Z_32,Z_33,Z_34,Z_35,Z_36,Z_37,Z_38,Z_39,Z_40,Z_41,Z_42,Z_43,Z_44,Z_45,Z_46,Z_47,Z_48,Z_49,Z_50,Z_51,Z_52,Z_53,Z_54,Z_55,Z_56,Z_57,Z_58,Z_59,Z_60,Z_61,Z_62,Z_63,Z_64,Z_65,Z_66,Z_67
1,0,0.000,0.98,1,29.8,-133.5,834.4,0.073,0.035,0.020,-47.0,-47.2,-45.6,-42.1,-34.7,-22.2,-7.2,9.9,28.8,47.9,65.8,81.7,92.8,99.3,102.8,105.4,107.2,-27.9,-18.6,-5.6,7.9,19.9,45.0,57.5,70.2,82.3,90.2,32.5,32.1,31.7,31.4,17.4,24.0,30.4,37.2,43.3,-12.5,-4.4,4.6,11.8,4.1,-4.8,50.1,58.0,67.0,74.3,67.2,58.4,3.6,13.7,23.1,29.1,35.4,44.5,53.2,43.8,34.8,27.9,21.4,12.4,8.0,22.7,28.8,35.3,48.8,34.9,28.3,22.1,-173.3,-152.7,-131.9,-111.7,-93.5,-78.4,-67.5,-59.5,-56.9,-59.3,-68.0,-79.7,-94.7,-112.5,-131.5,-150.8,-170.0,-191.4,-200.6,-203.6,-200.8,-194.9,-194.8,-200.0,-201.6,-198.8,-190.5,-175.2,-163.6,-152.2,-140.6,-130.0,-127.7,-125.8,-127.1,-128.9,-172.9,-176.3,-175.9,-171.4,-169.2,-169.5,-170.7,-174.8,-174.4,-170.7,-167.8,-167.9,-103.3,-109.8,-112.7,-110.7,-112.0,-108.1,-101.8,-94.3,-91.9,-91.7,-92.5,-95.6,-103.4,-105.0,-104.3,-104.5,-101.8,-101.8,-101.5,-102.1,888.0,886.8,886.3,884.0,876.1,864.7,849.2,835.0,832.8,839.6,853.8,865.0,871.5,874.6,875.8,877.2,880.3,853.8,850.0,844.5,838.6,833.8,832.6,837.1,842.7,847.9,851.8,831.4,824.5,817.5,810.6,822.3,820.8,819.2,820.7,822.5,845.8,842.3,841.0,840.2,839.7,840.9,841.1,841.1,842.2,845.3,841.4,840.2,830.1,820.3,815.9,815.1,816.2,820.8,830.6,820.2,815.3,813.9,814.7,819.2,827.8,817.4,816.7,817.7,828.0,817.5,816.0,816.8
2,0,0.035,0.98,1,26.1,-134.6,820.8,0.025,0.093,0.037,-47.0,-47.6,-46.4,-43.3,-37.0,-25.8,-11.3,5.9,25.5,45.5,64.1,79.7,90.1,96.0,99.4,102.5,104.8,-28.5,-19.4,-6.8,6.3,17.8,41.3,53.6,66.4,78.4,86.1,29.1,28.1,27.3,26.3,13.2,19.6,25.7,32.2,38.0,-14.5,-6.5,2.4,9.6,1.7,-7.0,46.6,54.8,63.7,71.0,63.8,54.9,-0.0,8.2,17.0,23.2,29.9,38.7,46.3,37.7,29.0,21.8,15.0,6.8,4.2,16.6,23.0,29.6,41.8,29.3,22.5,16.0,-173.6,-153.0,-132.5,-112.3,-94.3,-78.9,-67.8,-60.0,-57.2,-59.2,-67.2,-78.8,-93.8,-111.8,-130.9,-150.2,-169.4,-194.5,-204.3,-207.3,-204.4,-198.0,-197.2,-202.0,-202.8,-199.4,-190.6,-177.0,-165.9,-155.1,-144.0,-132.5,-130.3,-128.2,-129.2,-130.5,-174.8,-178.1,-177.5,-172.7,-170.7,-171.2,-170.8,-174.4,-173.7,-169.8,-167.0,-167.4,-104.1,-112.8,-116.4,-114.0,-115.2,-110.0,-101.3,-93.7,-91.4,-91.5,-92.5,-96.0,-104.7,-107.9,-107.1,-106.9,-101.9,-101.8,-101.7,-102.6,881.3,879.2,877.9,874.4,865.6,852.9,835.0,819.2,816.9,823.4,836.7,846.5,852.6,856.0,857.1,858.9,862.4,846.8,843.6,837.5,830.6,825.1,822.0,825.3,829.8,833.7,835.8,821.1,814.1,806.9,799.8,810.9,809.6,807.9,808.6,809.7,837.5,833.6,831.8,830.1,830.5,832.3,828.4,827.7,828.2,830.9,827.5,826.8,814.3,805.0,801.4,799.9,800.7,803.3,810.7,802.5,799.8,799.0,800.1,803.9,811.9,802.6,801.3,801.8,808.7,802.6,801.7,802.7
3,0,0.071,0.98,1,22.6,-136.5,814.5,-0.001,0.136,0.065,-47.4,-48.8,-48.1,-45.5,-39.9,-29.8,-16.5,-0.1,19.6,40.4,60.3,77.1,87.9,93.7,97.1,100.6,103.3,-29.1,-20.2,-8.2,4.3,15.2,39.8,52.3,65.1,76.6,83.4,26.3,24.8,23.3,21.8,9.3,15.5,21.3,27.4,33.1,-16.4,-8.6,0.2,7.0,-0.7,-9.4,44.0,51.8,60.8,68.0,60.6,51.7,-3.4,4.1,12.4,18.1,24.2,32.7,39.9,31.4,23.0,16.3,10.0,2.4,0.7,11.9,17.8,23.9,35.3,23.6,17.3,11.3,-176.6,-155.7,-135.1,-114.8,-96.9,-81.7,-71.0,-62.9,-59.4,-60.8,-68.1,-79.1,-94.1,-112.1,-130.9,-149.8,-168.3,-198.9,-208.3,-211.1,-207.8,-201.1,-199.2,-203.3,-203.5,-199.4,-190.2,-178.4,-168.2,-158.4,-148.2,-135.6,-133.4,-131.4,-131.9,-132.9,-177.4,-180.7,-179.8,-174.7,-172.8,-173.6,-171.3,-174.7,-173.6,-169.3,-166.8,-167.6,-105.9,-115.8,-119.7,-117.3,-118.2,-112.2,-102.1,-94.9,-93.0,-93.2,-94.4,-98.1,-106.7,-110.8,-110.1,-109.5,-103.1,-103.1,-103.4,-104.4,879.8,877.4,875.3,870.9,861.6,848.2,829.8,813.4,809.5,814.6,826.6,835.8,841.6,844.5,845.6,847.7,851.6,843.8,840.9,834.5,827.3,821.5,816.4,819.4,823.2,826.2,827.3,816.0,809.1,802.1,794.9,805.1,804.1,802.4,802.4,803.0,834.0,829.6,827.3,825.4,826.2,828.4,821.8,820.4,820.6,823.0,819.8,819.4,807.0,797.8,794.1,792.5,792.9,795.1,801.8,794.0,791.9,791.6,793.0,796.6,804.6,795.2,793.7,793.8,800.0,794.7,794.3,795.5
4,0,0.106,0.98,1,19.7,-138.2,810.0,-0.018,0.175,0.090,-46.6,-48.7,-48.9,-47.1,-42.4,-33.2,-20.7,-5.1,14.6,35.9,56.6,74.1,85.3,91.3,94.9,98.6,101.8,-29.6,-20.8,-9.1,3.1,13.6,38.0,50.8,63.9,75.1,81.4,23.9,21.8,19.9,17.8,5.8,11.9,17.4,23.4,29.0,-17.9,-10.3,-1.6,5.1,-2.6,-11.2,41.5,49.2,58.1,65.4,57.8,49.0,-7.7,-0.3,8.0,13.7,19.9,28.3,35.6,26.8,18.3,11.6,5.2,-2.3,-3.6,7.5,13.3,19.4,31.0,19.1,12.7,6.7,-179.2,-158.4,-137.6,-117.2,-99.3,-84.2,-73.8,-65.4,-61.4,-62.3,-69.3,-79.9,-94.5,-112.4,-130.8,-149.1,-167.1,-202.1,-211.4,-214.3,-210.8,-203.8,-201.2,-204.7,-204.2,-199.3,-189.8,-179.7,-170.1,-160.9,-151.2,-137.7,-135.4,-133.4,-133.7,-134.4,-179.5,-182.7,-181.6,-176.3,-174.5,-175.5,-171.8,-174.9,-173.5,-168.9,-166.8,-167.8,-108.2,-117.8,-121.6,-119.0,-119.8,-113.6,-103.5,-96.4,-94.4,-94.8,-96.1,-100.0,-108.9,-112.5,-111.6,-111.0,-104.7,-104.7,-105.1,-106.2,877.9,875.5,873.3,868.8,858.8,844.5,825.2,808.1,803.5,807.9,818.8,826.9,832.0,834.8,836.1,838.5,842.6,842.5,839.2,832.3,824.2,817.7,811.2,813.6,817.0,819.4,820.1,811.3,804.4,797.3,790.0,800.3,799.4,797.6,797.1,797.4,831.2,826.2,823.5,821.5,822.5,825.2,816.0,814.1,813.8,816.0,813.0,813.2,802.1,792.7,788.7,786.9,787.0,788.6,794.9,787.8,786.0,786.0,787.6,791.6,799.7,789.8,788.2,787.9,793.4,788.7,788.6,790.0
5,0,0.141,0.98,1,16.6,-140.1,809.8,-0.033,0.195,0.135,-46.8,-49.7,-50.5,-49.5,-45.9,-37.9,-26.7,-11.9,7.0,27.8,48.8,67.5,80.6,88.9,94.3,99.3,103.6,-30.1,-21.1,-9.2,3.0,13.4,35.6,48.5,61.9,73.7,80.5,21.8,19.6,17.4,15.0,2.5,8.6,14.2,20.2,25.9,-19.3,-11.5,-2.8,3.7,-4.1,-12.6,39.9,47.7,56.7,63.9,56.2,47.3,-12.4,-4.7,3.8,9.3,15.7,24.3,31.9,22.1,13.1,6.2,-0.1,-7.4,-8.2,2.7,8.6,14.7,27.4,14.1,7.7,1.7,-180.3,-161.2,-142.1,-123.0,-105.8,-90.6,-79.2,-69.6,-64.5,-64.2,-69.6,-78.7,-92.2,-109.2,-127.6,-146.1,-164.3,-205.0,-214.5,-216.9,-213.0,-205.3,-202.3,-206.4,-205.7,-200.4,-190.5,-181.3,-171.8,-162.7,-153.2,-139.8,-137.3,-135.2,-135.2,-135.5,-182.1,-185.2,-183.8,-178.1,-176.5,-177.9,-172.7,-176.0,-174.4,-169.4,-167.2,-168.4,-111.0,-120.3,-123.9,-121.1,-121.6,-114.9,-104.3,-98.0,-96.8,-97.6,-99.2,-103.3,-111.5,-114.6,-113.4,-112.4,-105.7,-107.1,-107.9,-109.3,877.7,874.1,871.3,867.2,858.0,844.3,826.0,808.6,802.5,804.9,814.6,822.6,828.0,832.2,834.8,838.0,842.3,844.6,841.0,833.2,824.3,817.6,810.3,811.6,814.4,816.2,815.9,810.4,803.7,797.0,790.0,800.6,799.3,797.3,796.5,796.2,833.4,827.8,824.6,821.8,823.4,826.6,813.9,811.9,811.2,812.8,810.2,810.8,803.1,793.3,788.6,786.2,785.8,786.8,792.8,786.0,784.6,785.2,787.4,792.4,800.2,789.7,787.4,786.5,791.7,787.2,787.7,789.7
6,0,0.177,0.98,1,15.8,-142.7,815.2,-0.040,0.186,0.158,-46.3,-49.7,-51.0,-50.4,-47.2,-39.5,-28.6,-14.3,3.8,23.7,44.2,63.2,77.4,87.0,93.4,99.1,104.0,-30.1,-21.0,-9.2,2.9,13.1,35.9,49.0,62.3,74.1,81.1,21.3,19.0,16.7,14.1,1.2,7.4,13.1,19.4,25.4,-19.6,-11.8,-3.0,3.5,-4.4,-13.1,39.5,47.4,56.5,63.8,56.0,47.0,-14.2,-5.9,2.9,8.6,15.3,24.3,32.3,21.9,12.4,5.2,-1.4,-8.8,-9.9,1.6,7.7,14.3,27.8,13.5,6.7,0.5,-184.4,-165.5,-146.5,-127.4,-110.0,-94.7,-82.8,-72.8,-67.4,-66.4,-70.8,-78.7,-91.3,-107.9,-126.7,-145.6,-164.4,-208.6,-217.8,-220.0,-216.0,-208.4,-204.9,-208.6,-207.6,-202.1,-192.0,-183.8,-174.3,-165.1,-155.6,-142.7,-140.0,-137.8,-137.8,-138.0,-185.4,-188.5,-186.9,-180.8,-179.5,-181.0,-174.9,-178.3,-176.6,-171.3,-169.3,-170.6,-114.6,-123.4,-126.7,-123.8,-124.2,-117.6,-107.1,-100.9,-99.8,-100.6,-102.3,-106.6,-114.8,-117.7,-116.4,-115.4,-108.4,-109.7,-110.6,-112.2,881.6,877.5,874.5,870.7,861.9,848.7,831.2,814.0,807.5,809.4,818.8,827.3,832.9,837.5,840.6,844.2,849.0,850.6,846.9,838.9,830.0,823.3,815.7,817.1,819.9,821.7,821.4,815.8,808.9,802.0,794.8,806.0,804.1,801.8,801.2,801.1,839.3,833.5,830.2,827.3,829.0,832.2,818.9,817.3,816.6,818.0,815.3,815.9,809.8,799.3,794.2,791.6,791.0,792.5,799.2,791.7,789.3,790.1,792.4,798.4,806.8,795.2,792.7,791.5,798.0,792.1,792.8,795.2
7,0,0.212,0.98,1,15.1,-144.1,818.1,-0.048,0.178,0.176,-45.4,-49.2,-50.9,-50.6,-47.8,-40.4,-29.6,-15.7,1.7,20.6,40.3,59.2,74.1,84.9,92.4,98.7,104.3,-30.1,-20.9,-8.9,3.2,13.3,35.5,48.8,62.4,74.5,81.9,20.7,18.3,16.0,13.4,0.2,6.3,12.1,18.6,24.8,-20.2,-12.3,-3.4,3.3,-4.9,-13.7,38.7,47.0,56.1,63.6,55.6,46.4,-15.3,-6.7,2.0,7.9,14.8,23.7,31.8,21.2,11.7,4.3,-2.4,-9.8,-11.0,0.6,6.9,13.6,27.3,12.8,5.9,-0.6,-187.6,-168.6,-149.4,-130.1,-112.5,-96.9,-85.0,-74.9,-69.3,-67.7,-70.9,-77.5,-89.2,-105.6,-124.8,-144.7,-164.4,-210.6,-220.1,-222.1,-218.2,-210.6,-207.3,-210.9,-209.7,-203.8,-193.1,-185.3,-175.6,-166.3,-156.6,-144.1,-141.3,-139.1,-139.1,-139.2,-186.8,-189.9,-188.2,-182.0,-180.8,-182.3,-176.0,-179.6,-177.8,-172.5,-170.4,-171.7,-116.5,-125.0,-128.3,-125.4,-125.7,-119.0,-108.8,-102.8,-101.9,-102.8,-104.5,-108.6,-116.7,-119.6,-118.1,-117.1,-110.1,-111.5,-112.5,-114.2,883.2,878.7,875.5,872.0,863.7,851.0,834.0,817.0,810.3,812.2,821.4,830.3,836.1,841.2,845.1,849.1,854.1,854.9,851.3,842.9,833.7,826.6,818.3,819.9,823.0,825.4,825.6,819.3,812.3,805.2,797.9,809.4,807.0,804.3,803.9,804.0,843.3,837.3,833.9,830.5,832.5,835.8,821.6,820.6,819.8,821.2,818.3,818.7,813.0,802.3,797.3,794.5,793.8,795.3,802.1,794.2,791.5,792.5,795.0,801.3,809.8,798.1,795.5,794.2,800.8,794.7,795.7,798.2
8,0,0.248,0.98,1,14.5,-144.8,822.3,-0.048,0.177,0.188,-45.1,-49.1,-51.0,-51.1,-48.8,-41.6,-31.0,-17.0,0.3,18.9,38.5,57.3,72.6,83.8,91.6,98.2,104.0,-30.7,-21.3,-9.6,2.4,12.3,35.7,49.0,62.4,74.4,82.0,20.2,17.7,15.3,12.6,-0.6,5.5,11.3,18.0,24.3,-20.9,-12.9,-4.0,2.8,-5.5,-14.4,38.5,46.9,56.1,63.5,55.6,46.3,-16.3,-7.5,1.4,7.3,14.2,23.3,31.9,20.9,11.0,3.6,-3.0,-10.6,-11.9,0.0,6.3,13.0,27.4,12.2,5.2,-1.2,-190.2,-171.3,-152.1,-132.8,-114.8,-98.8,-86.4,-76.0,-70.2,-68.3,-70.9,-76.8,-87.8,-104.0,-123.3,-143.5,-163.5,-211.5,-220.6,-222.2,-218.3,-211.0,-207.3,-210.7,-209.5,-203.8,-193.4,-185.9,-176.1,-166.8,-157.1,-144.9,-142.1,-139.8,-139.9,-140.0,-187.7,-190.8,-189.0,-182.7,-181.6,-183.2,-176.5,-180.2,-178.4,-173.0,-171.0,-172.3,-117.8,-126.0,-129.1,-126.2,-126.5,-119.9,-109.7,-103.9,-102.9,-103.8,-105.5,-109.6,-117.8,-120.6,-119.2,-118.2,-111.0,-112.3,-113.3,-114.9,886.8,882.3,879.1,875.8,868.1,855.8,839.1,821.6,814.2,815.8,825.0,834.3,840.3,845.3,849.1,853.0,858.0,859.1,855.4,847.0,837.9,830.8,822.2,823.9,826.9,829.2,829.4,823.3,816.2,809.1,801.8,813.6,811.0,808.0,807.7,807.8,847.7,841.8,838.3,834.8,836.8,840.2,825.7,824.9,824.1,825.3,822.4,822.9,818.1,806.9,801.7,798.9,798.1,799.8,806.9,798.5,795.4,796.6,799.0,805.8,815.0,802.4,799.7,798.3,805.5,798.8,799.8,802.4
9,0,0.283,0.98,1,14.1,-146.2,829.7,-0.022,0.179,0.198,-44.6,-48.9,-51.1,-51.6,-49.6,-43.0,-32.5,-18.7,-1.6,17.1,37.0,56.5,72.7,84.5,92.4,99.1,105.0,-30.9,-21.7,-10.1,1.8,11.7,35.6,49.1,62.5,74.4,82.1,19.5,17.0,14.6,11.9,-1.4,4.8,10.6,17.5,23.9,-21.5,-13.5,-4.6,2.2,-6.1,-15.0,38.4,46.8,56.1,63.7,55.6,46.3,-16.9,-8.0,1.1,6.9,13.8,23.3,32.3,20.8,10.6,3.2,-3.4,-11.1,-12.5,-0.4,5.8,12.5,27.8,11.6,4.7,-1.7,-194.3,-175.6,-156.7,-137.6,-119.5,-103.2,-90.1,-78.7,-72.3,-69.9,-71.9,-77.2,-87.8,-104.1,-123.9,-144.5,-165.0,-212.9,-221.7,-223.0,-218.9,-211.6,-207.6,-210.9,-209.7,-204.1,-193.6,-186.5,-176.8,-167.4,-157.7,-146.2,-143.2,-140.8,-140.9,-141.0,-189.3,-192.2,-190.3,-183.8,-182.9,-184.6,-177.3,-181.1,-179.3,-173.9,-171.9,-173.2,-119.5,-127.3,-130.1,-127.2,-127.5,-121.0,-111.0,-105.0,-104.0,-104.9,-106.6,-110.9,-119.3,-121.8,-120.4,-119.4,-112.2,-113.3,-114.3,-116.0,892.0,887.6,884.8,882.5,876.3,864.9,849.1,831.4,823.3,824.5,833.5,843.1,849.2,853.9,857.1,860.5,864.9,865.1,861.1,852.7,843.6,836.6,827.7,829.0,831.7,833.7,833.9,829.2,822.5,815.8,808.8,820.8,818.1,815.0,814.7,814.7,854.3,848.1,844.6,841.2,843.4,846.8,831.5,830.5,829.7,830.8,828.1,828.6,826.7,814.8,809.1,806.3,805.3,807.6,815.1,806.4,802.8,804.2,806.6,814.0,823.5,809.9,807.2,805.6,813.7,806.0,807.3,810.0
10,0,0.318,0.98,1,14.4,-146.7,834.8,0.014,0.195,0.191,-44.7,-49.1,-51.2,-51.5,-49.1,-41.6,-30.1,-15.6,1.5,19.7,38.7,57.5,73.6,85.6,93.5,100.3,106.4,-31.1,-21.8,-10.5,1.1,10.9,35.5,48.8,62.0,74.0,82.0,19.1,16.7,14.3,11.7,-1.4,4.9,10.7,17.5,23.9,-21.7,-13.7,-4.7,2.0,-6.3,-15.1,38.1,46.5,55.9,63.6,55.5,46.2,-16.4,-7.8,1.1,6.9,13.6,23.1,32.5,20.8,10.6,3.4,-3.1,-10.7,-12.0,-0.2,5.9,12.5,27.9,11.6,4.8,-1.4,-197.5,-178.4,-159.1,-139.6,-121.0,-104.0,-90.6,-79.4,-73.3,-71.4,-73.4,-78.3,-88.6,-104.5,-124.4,-145.5,-166.5,-212.9,-221.2,-222.2,-218.2,-211.2,-207.1,-209.9,-208.7,-203.4,-193.3,-186.2,-176.5,-167.1,-157.3,-146.4,-143.5,-141.1,-141.3,-141.4,-189.5,-192.3,-190.3,-183.8,-182.9,-184.7,-177.2,-181.1,-179.3,-174.0,-171.8,-173.1,-120.0,-127.5,-130.4,-127.5,-127.7,-121.3,-111.5,-105.2,-104.1,-105.0,-106.6,-111.0,-119.8,-122.5,-121.0,-120.1,-112.7,-113.2,-114.1,-115.8,898.1,894.1,891.7,889.2,883.0,871.8,855.4,837.7,830.2,831.7,840.5,849.3,854.9,859.0,861.5,864.3,868.2,867.7,863.5,855.2,846.2,838.8,829.3,830.7,833.2,835.1,835.7,831.6,825.5,819.2,812.7,825.1,822.6,819.3,818.8,818.6,857.6,851.4,847.8,844.2,846.5,850.1,833.9,832.9,832.2,833.3,830.6,831.1,832.6,820.1,814.2,811.4,810.3,812.7,820.6,812.0,808.6,810.1,812.5,820.0,829.5,815.1,812.4,810.7,819.0,811.6,813.1,815.8
11,0,0.354,0.98,1,14.7,-147.2,843.5,0.042,0.208,0.187,-44.9,-49.3,-51.2,-51.3,-48.3,-40.1,-27.9,-13.1,3.8,21.3,39.8,58.0,74.2,86.6,94.7,101.7,108.0,-31.6,-22.1,-10.6,1.1,11.0,34.9,48.5,61.8,74.2,82.8,18.9,16.6,14.2,11.6,-1.6,4.8,10.7,17.6,24.1,-22.0,-13.9,-5.0,1.7,-6.5,-15.4,38.3,46.7,56.2,64.1,55.8,46.4,-16.3,-7.9,0.9,6.7,13.5,23.1,32.5,20.9,10.7,3.5,-3.1,-10.6,-11.8,-0.3,5.8,12.4,27.8,11.6,4.9,-1.5,-200.3,-180.9,-161.2,-141.3,-122.5,-105.4,-92.1,-81.4,-75.8,-74.1,-75.7,-79.9,-89.3,-104.6,-124.5,-145.9,-167.3,-213.1,-221.2,-221.8,-217.6,-210.6,-206.5,-209.3,-208.3,-203.1,-193.0,-186.1,-176.3,-166.9,-157.1,-146.8,-143.9,-141.5,-141.6,-141.6,-190.2,-192.6,-190.6,-184.1,-183.3,-185.2,-177.3,-181.2,-179.5,-174.3,-172.1,-173.3,-120.1,-127.7,-130.8,-127.9,-128.1,-121.3,-111.4,-105.1,-104.0,-104.9,-106.6,-110.9,-119.9,-122.8,-121.3,-120.3,-112.6,-113.4,-114.4,-116.1,906.8,903.1,901.5,899.4,893.3,881.7,864.3,846.8,839.9,841.7,850.4,858.9,864.0,867.9,869.5,871.8,875.2,874.7,870.1,861.7,852.5,844.8,835.3,836.5,838.8,840.7,841.5,838.0,832.6,826.8,820.9,833.3,831.0,827.7,827.1,826.5,865.1,858.7,855.2,851.2,853.8,857.5,840.2,839.2,838.6,839.7,837.1,837.6,841.6,828.9,822.8,819.9,818.7,821.1,829.0,821.2,818.1,819.8,822.3,829.9,838.4,823.9,821.1,819.3,827.5,820.8,822.5,825.3
12,0,0.389,0.98,1,14.8,-143.9,836.4,0.029,0.203,0.180,-44.8,-49.1,-51.1,-51.3,-48.7,-40.6,-28.5,-13.4,4.2,22.7,41.8,60.1,75.3,86.4,93.6,99.9,105.7,-31.4,-21.7,-10.4,1.0,10.8,35.6,48.8,61.7,73.6,81.9,19.5,17.1,14.7,12.1,-1.0,5.3,11.1,17.9,24.4,-21.7,-13.7,-4.8,1.8,-6.3,-15.1,38.4,46.7,56.0,63.7,55.6,46.4,-15.9,-7.6,1.2,7.2,14.1,23.4,32.2,21.1,11.3,3.8,-2.9,-10.4,-11.5,0.1,6.3,13.1,27.5,12.3,5.3,-1.1,-197.6,-177.5,-157.1,-136.6,-117.2,-99.7,-86.4,-76.0,-70.6,-69.2,-71.6,-76.9,-87.3,-103.3,-123.1,-144.0,-165.0,-209.8,-217.7,-218.3,-214.0,-207.2,-203.1,-205.6,-204.9,-200.3,-190.8,-183.1,-173.3,-163.9,-154.1,-143.7,-140.8,-138.4,-138.6,-138.9,-186.9,-189.2,-187.3,-181.0,-180.3,-182.1,-174.5,-178.1,-176.5,-171.5,-169.4,-170.6,-116.7,-125.0,-128.1,-125.3,-125.5,-118.9,-108.7,-102.4,-101.1,-101.9,-103.5,-107.6,-116.7,-120.1,-118.7,-117.7,-109.9,-110.4,-111.3,-112.8,900.8,897.6,896.2,893.9,887.6,875.8,858.0,839.6,832.3,834.4,843.5,852.1,857.4,860.8,861.9,864.0,867.4,867.5,863.3,855.3,846.7,839.4,830.2,831.5,833.8,835.9,836.7,832.5,826.9,821.0,815.0,827.2,824.8,821.4,820.8,820.4,857.8,851.6,848.4,844.7,847.0,850.5,835.2,834.0,833.4,834.6,831.9,832.4,833.7,821.4,815.9,813.1,812.2,814.4,821.9,814.0,811.0,812.4,814.8,821.8,830.7,816.8,814.1,812.6,820.4,814.0,815.4,818.0
13,0,0.424,0.98,1,15.3,-142.4,840.2,0.044,0.202,0.173,-45.5,-49.5,-51.0,-50.8,-47.7,-39.3,-26.9,-11.7,5.9,24.0,42.8,60.6,75.8,87.0,94.2,100.7,106.4,-31.8,-22.0,-10.3,1.4,11.4,35.1,48.5,61.6,74.0,82.7,19.8,17.5,15.2,12.7,-0.6,5.8,11.7,18.6,25.1,-21.6,-13.5,-4.6,2.1,-6.1,-14.8,38.9,47.3,56.6,64.4,56.3,47.0,-15.1,-7.0,1.8,7.8,14.7,23.9,32.5,21.8,12.1,4.6,-2.2,-9.7,-10.6,0.6,7.0,13.7,27.8,13.1,6.1,-0.4,-196.1,-175.8,-155.3,-134.8,-115.5,-98.2,-85.1,-75.0,-69.8,-68.5,-70.9,-76.1,-86.4,-102.3,-122.2,-143.3,-164.5,-207.9,-215.9,-216.3,-211.9,-204.9,-201.0,-203.8,-203.3,-198.8,-189.2,-181.6,-171.5,-161.8,-151.7,-142.0,-139.1,-136.6,-136.8,-137.2,-185.7,-187.9,-186.1,-179.8,-179.0,-180.8,-173.3,-176.9,-175.2,-170.4,-168.2,-169.3,-114.9,-123.2,-126.5,-123.5,-123.8,-117.1,-106.9,-100.6,-99.2,-100.0,-101.6,-105.8,-114.9,-118.4,-116.9,-116.0,-108.1,-108.8,-109.7,-111.3,904.3,901.2,900.2,897.9,891.6,879.6,861.5,843.4,836.8,839.5,848.8,857.5,862.7,866.0,866.8,868.4,871.4,870.5,866.0,857.8,849.1,841.5,832.9,834.1,836.4,838.7,839.9,835.4,830.1,824.4,818.6,830.8,828.5,825.1,824.7,824.3,861.1,855.0,851.8,848.0,850.4,853.9,838.4,837.2,836.7,837.9,835.4,835.8,837.5,825.4,819.9,817.1,816.3,818.4,825.7,818.5,815.9,817.3,819.7,826.3,834.4,821.1,818.4,816.9,824.3,818.6,820.0,822.6
14,0,0.460,0.98,1,15.5,-140.9,846.2,0.057,0.191,0.177,-45.7,-49.7,-51.3,-50.9,-47.7,-39.4,-27.4,-12.5,4.6,22.2,40.4,58.3,74.2,86.3,94.2,101.0,107.0,-31.2,-21.4,-10.1,1.2,10.7,36.7,50.0,62.6,74.5,83.3,19.9,17.7,15.4,12.9,-0.5,5.8,11.9,18.9,25.6,-21.6,-13.5,-4.5,2.2,-6.1,-14.9,39.5,47.7,57.0,64.8,56.7,47.5,-14.7,-6.5,2.3,8.3,15.4,24.6,33.0,22.5,12.7,5.1,-1.8,-9.2,-10.3,1.0,7.4,14.2,28.5,13.6,6.5,-0.1,-193.8,-174.0,-154.0,-133.9,-114.9,-97.5,-84.0,-73.3,-67.8,-66.2,-68.3,-73.3,-83.6,-99.7,-120.1,-142.1,-164.0,-207.9,-215.1,-215.1,-210.9,-204.5,-200.1,-202.8,-202.2,-197.9,-188.7,-180.4,-169.9,-159.7,-149.2,-140.3,-137.2,-134.6,-134.9,-135.2,-184.6,-186.8,-185.0,-178.8,-177.9,-179.7,-172.2,-175.8,-174.2,-169.3,-167.1,-168.2,-113.2,-121.2,-124.3,-121.3,-121.5,-115.0,-105.1,-98.6,-97.2,-98.1,-99.9,-104.2,-113.0,-116.5,-114.9,-113.9,-106.2,-106.7,-107.7,-109.4,905.7,902.9,902.2,900.7,894.8,883.7,866.8,849.9,843.4,845.7,855.0,863.9,869.2,872.4,873.0,874.1,876.7,874.1,869.8,862.2,854.1,847.1,837.7,839.2,841.4,843.3,844.3,840.8,835.6,830.2,824.7,836.6,834.2,831.0,830.6,830.2,866.1,860.2,857.0,853.3,855.7,859.1,843.2,842.2,841.7,843.0,840.4,840.7,844.1,832.1,826.9,823.9,822.8,825.4,832.6,825.4,822.7,824.2,826.7,833.3,840.9,827.9,825.0,823.3,831.1,825.3,826.9,829.7
15,0,0.495,0.98,1,15.8,-138.8,844.2,0.087,0.188,0.169,-46.1,-49.9,-51.4,-51.1,-48.1,-39.8,-27.3,-11.5,6.4,24.5,43.1,60.8,76.3,87.8,95.3,101.6,107.1,-31.4,-21.9,-10.2,1.6,11.6,34.9,48.5,61.8,74.3,83.2,19.6,17.6,15.4,13.1,-0.2,6.3,12.3,19.3,25.9,-21.6,-13.5,-4.5,2.3,-5.9,-14.7,39.3,47.7,57.0,64.7,56.8,47.6,-14.3,-6.1,2.5,8.7,15.7,25.1,33.7,23.2,13.5,5.9,-1.0,-8.5,-9.7,1.3,7.8,14.7,29.1,14.2,7.0,0.4,-192.4,-173.5,-154.5,-135.0,-116.0,-97.9,-83.0,-70.9,-65.1,-64.0,-67.0,-72.8,-83.6,-99.8,-120.1,-141.7,-163.3,-204.2,-212.0,-212.1,-207.5,-200.4,-196.7,-200.0,-199.5,-195.0,-185.3,-177.3,-167.0,-156.9,-146.4,-137.5,-134.5,-131.8,-132.2,-132.5,-182.0,-184.1,-182.3,-176.1,-175.2,-177.0,-169.7,-173.2,-171.6,-167.0,-164.5,-165.6,-111.1,-118.7,-121.6,-118.6,-118.9,-112.6,-103.0,-96.7,-95.5,-96.3,-98.1,-102.3,-111.0,-113.7,-112.1,-111.1,-104.2,-105.1,-106.0,-107.7,904.1,901.7,901.4,900.3,895.1,884.4,867.7,850.4,844.4,847.3,856.7,865.4,870.9,874.1,874.5,874.9,876.4,871.6,866.7,858.4,850.0,843.3,834.4,835.5,838.0,840.7,842.6,837.9,832.8,827.5,822.3,834.9,832.8,829.8,829.4,829.2,863.7,857.9,854.7,851.2,853.6,857.0,841.4,840.1,839.8,841.3,838.9,839.1,842.4,829.7,824.7,822.0,821.0,823.5,831.4,824.2,821.5,822.8,825.2,831.3,839.1,826.1,823.5,821.9,829.7,823.8,825.2,827.8
16,0,0.531,0.98,1,16.6,-136.6,839.1,0.069,0.149,0.162,-46.7,-49.9,-51.2,-50.7,-47.6,-39.7,-27.5,-12.2,6.0,24.7,43.8,62.0,77.2,88.1,95.0,101.0,106.2,-31.9,-23.0,-11.0,1.2,11.5,35.4,49.1,62.6,75.0,83.4,20.3,18.3,16.2,14.0,0.8,7.2,13.4,20.5,27.2,-21.3,-13.2,-4.3,2.8,-5.4,-14.3,39.8,48.2,57.4,65.1,57.2,48.0,-12.4,-3.9,4.7,10.7,17.7,26.9,35.8,25.3,15.8,8.3,1.6,-5.9,-7.9,3.6,9.9,16.8,31.1,16.3,9.3,2.9,-188.6,-169.7,-150.8,-131.7,-113.3,-96.0,-81.8,-69.7,-63.4,-61.7,-64.6,-70.6,-81.8,-98.4,-118.5,-139.7,-160.8,-201.3,-209.8,-210.6,-206.2,-199.0,-195.3,-198.8,-198.3,-193.5,-183.6,-175.6,-164.9,-154.5,-143.8,-135.2,-132.0,-129.3,-129.9,-130.6,-179.6,-182.0,-180.3,-174.3,-173.3,-174.8,-168.2,-171.8,-170.2,-165.6,-163.3,-164.3,-109.5,-116.5,-119.1,-116.3,-116.7,-110.9,-102.1,-96.1,-94.8,-95.5,-97.1,-101.1,-109.4,-111.4,-110.0,-109.2,-103.2,-104.0,-104.8,-106.4,900.1,897.2,896.1,894.6,889.7,879.2,863.0,845.8,839.7,843.2,854.4,864.9,871.5,875.0,875.9,876.8,879.1,868.5,863.5,855.2,846.7,839.8,832.2,834.2,837.8,841.4,843.9,835.3,829.4,823.2,817.1,830.3,827.9,824.8,824.9,825.3,859.5,853.8,850.9,848.0,850.0,852.9,840.2,839.4,839.3,841.2,838.3,838.2,837.1,824.7,819.9,817.6,816.9,820.2,829.0,820.1,816.2,817.1,819.1,825.2,834.0,821.3,819.0,817.9,826.9,819.0,819.8,822.2
17,0,0.566,0.98,1,16.8,-133.4,829.9,0.028,0.161,0.144,-48.5,-51.2,-51.7,-50.3,-45.9,-36.3,-23.4,-7.8,10.3,28.7,47.3,64.0,77.5,86.8,93.1,98.7,103.6,-32.7,-23.1,-11.0,1.1,11.4,35.2,48.4,61.9,74.3,82.6,20.8,18.7,16.5,14.3,1.3,7.7,13.7,20.6,27.1,-21.2,-13.1,-4.3,2.7,-5.5,-14.3,39.3,47.8,57.0,64.7,56.7,47.5,-12.1,-3.7,4.9,10.6,17.1,26.3,35.6,24.6,15.2,8.2,1.9,-5.8,-7.8,4.2,10.1,16.5,30.8,16.1,9.5,3.4,-183.5,-163.3,-143.0,-122.6,-103.9,-87.1,-74.4,-64.7,-59.9,-59.3,-62.8,-69.1,-80.2,-95.8,-114.7,-134.5,-154.3,-197.7,-206.4,-207.6,-203.4,-195.9,-192.6,-196.0,-195.7,-191.2,-181.4,-173.5,-162.6,-152.1,-141.2,-132.3,-129.4,-126.9,-127.5,-128.3,-176.6,-179.2,-177.6,-171.5,-170.5,-172.0,-165.8,-169.4,-167.9,-163.1,-160.9,-162.0,-107.1,-114.2,-116.9,-114.3,-114.8,-109.0,-100.1,-94.1,-92.8,-93.3,-94.7,-98.5,-107.1,-109.3,-108.1,-107.5,-101.2,-102.0,-102.5,-103.8,898.8,895.6,893.3,889.5,881.5,868.5,850.1,832.3,827.3,831.3,843.0,852.6,858.3,861.5,862.7,864.7,868.1,860.5,856.1,848.1,839.4,831.8,824.3,827.2,831.1,835.1,837.8,827.0,820.5,813.7,806.9,820.4,818.0,814.6,814.7,815.3,851.1,845.9,842.9,839.7,841.4,844.4,832.6,832.1,832.1,833.9,830.7,830.6,828.0,815.6,810.3,808.3,808.1,810.9,819.7,810.3,806.7,807.1,808.8,815.0,825.0,811.5,809.6,809.0,817.6,809.9,810.2,812.1
18,0,0.601,0.98,1,17.4,-132.7,831.2,0.025,0.150,0.126,-49.9,-52.4,-52.4,-50.2,-44.5,-34.1,-20.5,-5.1,12.7,30.6,48.3,64.3,77.3,86.4,92.8,98.4,103.2,-33.1,-23.5,-11.2,1.0,11.3,35.7,48.6,61.8,74.2,82.3,21.3,19.2,17.1,15.0,2.0,8.3,14.4,21.3,27.7,-21.1,-13.0,-4.0,2.9,-5.2,-14.1,39.5,48.2,57.4,65.1,57.1,47.9,-10.3,-2.3,6.4,11.9,18.2,27.2,35.9,25.7,16.7,9.9,3.6,-4.2,-6.0,5.8,11.6,17.7,31.1,17.5,11.0,5.1,-180.0,-159.4,-138.6,-118.0,-99.5,-83.4,-71.5,-62.6,-58.4,-58.3,-62.6,-69.4,-80.8,-96.4,-115.2,-134.7,-154.2,-196.9,-205.8,-207.3,-203.2,-195.7,-192.4,-195.9,-195.7,-191.4,-181.8,-173.3,-162.0,-151.2,-140.2,-131.7,-128.9,-126.4,-127.2,-128.1,-176.1,-178.7,-177.2,-171.2,-170.1,-171.6,-165.6,-169.2,-167.8,-163.1,-160.9,-161.9,-106.7,-114.2,-117.1,-114.6,-115.2,-109.4,-100.6,-93.0,-90.9,-91.1,-92.5,-96.8,-106.8,-109.4,-108.3,-107.8,-101.4,-100.6,-100.9,-102.1,899.3,896.3,894.1,889.9,881.4,868.1,849.4,833.0,829.7,834.5,846.0,854.8,860.1,863.3,864.6,867.0,870.5,861.5,857.3,849.6,841.0,833.4,826.3,829.3,833.4,837.5,840.1,828.9,822.1,815.0,807.9,820.7,818.6,815.6,815.9,816.8,852.2,847.1,844.2,840.9,842.7,845.6,834.3,834.0,834.1,836.2,832.7,832.4,828.4,816.6,811.4,809.6,809.6,812.3,820.9,812.5,809.4,809.5,810.9,816.2,825.8,812.9,811.2,810.8,819.0,812.6,812.6,814.2
19,0,0.637,0.98,1,18.0,-134.0,839.9,0.021,0.151,0.119,-50.9,-52.9,-52.4,-49.7,-43.6,-32.9,-19.4,-4.2,13.2,30.7,48.3,64.7,78.0,87.3,93.8,99.7,104.4,-33.5,-23.8,-11.4,1.0,11.5,36.4,49.4,62.6,75.1,83.2,22.1,20.1,18.2,16.2,3.0,9.4,15.5,22.3,28.6,-21.0,-12.7,-3.5,3.4,-4.8,-13.9,40.2,48.7,58.1,66.0,57.9,48.5,-9.1,-1.1,7.9,12.9,18.3,27.4,36.2,25.8,16.6,10.6,4.7,-3.3,-4.7,7.3,12.5,17.8,31.4,17.5,11.8,6.4,-179.8,-158.8,-137.8,-117.4,-99.3,-83.8,-72.5,-64.0,-59.8,-59.8,-64.1,-71.0,-82.4,-98.2,-117.0,-136.6,-156.2,-197.7,-206.9,-208.8,-205.0,-197.6,-194.4,-197.9,-197.8,-193.5,-183.7,-174.9,-163.5,-152.7,-141.5,-133.2,-130.5,-128.1,-128.9,-129.9,-177.2,-180.0,-178.5,-172.4,-171.3,-172.7,-167.3,-171.1,-169.7,-164.9,-162.6,-163.5,-107.7,-116.2,-119.8,-117.4,-118.0,-111.8,-102.0,-93.1,-90.6,-90.9,-92.1,-96.8,-107.8,-111.2,-110.3,-109.8,-102.9,-101.5,-101.9,-102.9,907.1,903.9,901.3,896.7,888.4,875.4,857.5,841.9,838.8,842.9,853.9,862.3,867.3,870.2,871.8,874.5,877.8,869.4,865.9,858.6,850.3,842.6,835.6,838.7,842.3,845.9,847.5,837.9,831.6,825.0,818.5,829.3,827.6,825.0,825.3,825.9,860.8,855.6,852.6,849.0,851.0,854.1,842.7,842.2,842.3,844.1,840.9,840.6,837.5,826.0,819.8,818.1,817.9,820.6,829.2,820.9,818.0,818.5,819.9,825.5,835.1,821.9,820.1,819.4,827.6,821.2,821.3,822.8
20,0,0.672,0.98,1,19.6,-133.5,833.1,-0.002,0.136,0.098,-50.8,-52.4,-51.6,-48.7,-42.6,-31.8,-18.0,-2.1,16.1,34.3,52.2,68.5,80.9,89.1,94.6,99.8,103.9,-32.9,-23.0,-10.5,1.9,12.4,37.3,49.9,62.8,75.2,83.4,23.4,21.7,20.0,18.3,5.1,11.5,17.6,24.3,30.4,-20.2,-11.8,-2.6,4.4,-3.7,-12.9,41.4,49.9,59.3,67.1,59.2,49.8,-7.1,0.9,9.9,15.0,20.3,29.3,37.7,27.9,19.0,13.0,7.0,-1.1,-2.6,9.4,14.7,19.9,32.9,19.7,14.1,8.6,-176.6,-155.6,-134.4,-113.9,-95.8,-80.6,-70.0,-62.3,-58.7,-59.1,-63.9,-71.6,-83.7,-99.9,-118.6,-138.0,-157.2,-196.5,-205.5,-207.4,-203.8,-196.7,-194.3,-198.1,-198.5,-194.8,-185.6,-175.0,-163.5,-152.5,-141.3,-132.6,-130.1,-127.8,-128.7,-129.8,-176.1,-179.1,-177.8,-172.0,-170.6,-171.8,-167.7,-171.7,-170.5,-165.9,-163.5,-164.3,-106.4,-116.0,-120.1,-117.8,-118.7,-112.3,-102.0,-93.1,-90.5,-90.7,-91.7,-95.9,-106.8,-111.0,-110.3,-109.9,-102.8,-101.9,-102.1,-102.9,900.2,897.0,894.4,889.7,881.9,868.8,850.4,833.9,830.7,835.3,847.1,856.3,862.1,865.2,866.6,869.2,872.7,863.0,860.1,853.5,845.8,838.4,832.3,835.5,839.1,842.8,843.9,833.7,827.2,820.4,813.6,823.6,822.0,819.6,820.1,820.9,854.9,850.0,847.1,843.7,845.4,848.4,838.8,838.2,838.5,840.4,837.0,836.7,829.6,818.7,813.1,811.4,811.5,813.9,821.9,813.5,810.6,811.0,812.3,817.4,827.2,815.1,813.3,812.9,820.3,814.2,814.1,815.5
21,0,0.707,0.98,1,22.1,-134.9,832.7,-0.023,0.100,0.081,-49.1,-50.3,-49.4,-46.7,-41.7,-32.2,-18.6,-2.0,16.8,35.9,54.5,71.6,84.4,92.6,98.0,102.8,106.5,-31.4,-22.2,-9.9,2.9,13.8,39.0,51.7,64.5,76.7,85.2,25.1,23.9,22.7,21.5,8.8,15.0,21.0,27.4,33.3,-18.2,-9.9,-0.6,6.6,-1.4,-10.6,43.9,51.9,61.3,69.0,61.4,52.1,-2.2,5.3,14.2,19.1,24.2,32.8,40.2,31.7,23.5,17.7,12.0,3.8,2.5,13.7,18.8,23.8,35.6,23.7,18.3,13.0,-174.2,-154.6,-134.9,-115.8,-98.0,-82.7,-71.3,-62.3,-58.2,-58.6,-64.0,-72.8,-85.6,-102.7,-122.0,-141.8,-161.4,-196.4,-205.7,-208.0,-204.9,-198.4,-197.0,-201.3,-202.2,-199.0,-190.3,-176.8,-165.7,-155.1,-144.2,-134.2,-131.7,-129.7,-130.8,-132.0,-176.2,-179.7,-178.9,-173.4,-171.6,-172.4,-170.7,-174.9,-174.0,-169.7,-167.0,-167.5,-105.8,-116.7,-121.4,-119.3,-120.4,-114.1,-103.3,-94.2,-91.3,-91.2,-92.0,-96.0,-106.6,-111.7,-111.3,-110.9,-104.2,-103.1,-103.2,-103.9,893.2,890.1,887.8,884.4,878.1,866.6,850.5,834.3,830.1,834.4,846.0,856.5,864.2,868.6,871.0,873.7,876.9,863.4,860.8,854.6,847.7,841.5,836.6,839.7,843.4,847.1,847.9,836.4,829.9,823.3,816.5,824.9,823.6,821.9,822.5,823.4,855.5,850.8,848.2,845.4,846.8,849.5,842.1,841.2,841.7,843.8,840.4,839.8,826.6,817.3,813.0,811.4,811.4,813.5,820.4,812.9,810.7,811.3,812.4,816.1,824.4,815.0,813.3,812.7,818.9,814.0,814.1,815.3
22,0,0.743,0.98,1,26.2,-134.5,823.6,0.005,0.077,0.045,-47.0,-47.4,-45.7,-42.3,-37.0,-27.6,-14.4,2.2,21.5,41.2,60.1,77.5,90.2,97.8,102.6,106.8,109.8,-28.8,-20.1,-7.7,5.3,16.4,40.6,53.0,65.7,77.8,86.3,27.7,27.1,26.5,25.8,13.6,19.7,25.7,31.9,37.7,-15.3,-7.2,2.0,9.2,1.5,-7.5,47.0,54.4,63.6,71.3,64.0,54.9,4.9,11.6,19.8,24.6,29.5,37.6,44.3,37.3,29.7,24.2,18.6,10.8,9.6,19.5,24.4,29.3,39.9,29.4,24.2,19.1,-172.5,-153.0,-133.6,-114.9,-97.3,-82.0,-70.4,-60.9,-56.8,-57.5,-64.0,-74.3,-88.6,-106.7,-126.4,-146.5,-166.4,-194.1,-203.6,-206.4,-203.8,-198.0,-197.7,-202.4,-203.8,-201.0,-192.7,-176.8,-165.7,-155.0,-144.1,-133.2,-131.0,-129.3,-130.6,-132.0,-174.4,-178.2,-177.8,-172.8,-170.6,-171.0,-171.8,-176.1,-175.5,-171.6,-168.6,-168.8,-102.5,-114.3,-119.6,-117.7,-119.0,-112.8,-101.9,-92.9,-89.8,-89.6,-90.1,-93.6,-103.6,-109.8,-109.7,-109.4,-102.7,-101.5,-101.4,-101.9,879.1,876.4,874.7,872.1,866.6,856.2,841.9,827.0,822.9,827.2,838.7,849.7,857.8,862.4,865.0,867.5,870.6,850.5,848.0,842.3,836.2,831.0,827.8,830.7,834.4,837.9,838.6,826.9,820.7,814.7,808.2,815.7,814.7,813.4,813.8,814.7,843.6,839.0,836.6,834.4,835.8,838.0,832.9,831.8,832.4,834.9,831.5,830.8,815.0,807.0,803.8,802.4,802.5,804.7,810.9,804.6,802.9,803.5,804.4,806.6,812.9,806.0,804.4,803.9,809.5,805.4,805.5,806.5
23,0,0.778,0.98,1,29.8,-133.1,811.5,0.013,0.059,0.015,-44.1,-44.0,-41.6,-37.7,-31.9,-22.1,-8.9,7.8,26.9,46.2,64.5,81.1,93.3,100.5,104.7,108.1,110.3,-26.2,-18.2,-6.0,7.4,18.7,42.7,54.8,67.2,78.9,87.2,30.5,30.4,30.3,30.1,18.6,24.4,30.1,36.0,41.4,-12.2,-4.3,4.7,11.9,4.5,-4.4,49.5,56.6,65.6,73.0,66.2,57.3,10.5,16.6,24.7,29.3,33.8,41.9,48.2,42.0,34.6,29.3,23.9,16.1,15.2,24.5,29.2,33.7,44.1,33.9,29.1,24.1,-169.4,-149.7,-130.1,-111.3,-93.6,-78.3,-66.5,-56.9,-52.8,-54.1,-61.4,-73.0,-88.3,-107.3,-127.7,-148.9,-169.8,-190.7,-201.0,-204.5,-202.6,-197.3,-198.0,-203.3,-205.1,-202.5,-194.5,-176.9,-165.6,-154.9,-143.7,-132.2,-130.1,-128.6,-130.0,-131.6,-172.2,-176.4,-176.4,-172.0,-169.4,-169.3,-172.4,-176.8,-176.5,-172.9,-169.7,-169.6,-100.0,-111.9,-117.3,-115.5,-116.8,-110.9,-100.2,-89.2,-85.4,-85.1,-85.7,-89.9,-101.2,-108.0,-107.9,-107.6,-100.7,-96.9,-96.7,-97.3,861.0,858.9,857.8,855.8,849.7,839.7,826.4,813.1,810.0,814.4,825.7,836.4,844.5,849.5,852.4,854.6,857.2,835.2,833.4,828.5,823.0,818.5,816.7,819.3,823.0,826.2,826.8,814.1,807.8,801.7,795.2,802.3,801.4,800.4,800.9,801.8,828.4,824.6,822.7,820.7,821.9,823.6,820.4,819.5,820.2,822.6,819.5,818.7,801.5,794.7,791.9,790.6,790.9,792.9,798.2,793.2,792.6,793.1,793.7,794.8,799.6,793.9,792.5,792.2,797.1,794.7,794.8,795.5
24,0,0.813,0.98,1,33.1,-132.7,795.7,-0.061,0.030,-0.017,-41.4,-40.8,-37.9,-33.2,-26.6,-16.2,-2.9,13.8,32.4,51.3,68.5,84.0,94.7,100.9,104.6,107.2,108.7,-23.8,-16.0,-3.8,9.4,20.7,45.8,57.3,69.1,80.3,88.0,33.7,33.9,34.2,34.4,23.4,28.8,34.2,39.9,44.9,-9.0,-1.4,7.5,14.6,7.4,-1.4,51.7,58.5,67.3,74.3,68.0,59.3,16.3,21.8,29.4,33.8,38.1,45.4,50.7,45.7,39.1,34.1,28.9,21.4,20.7,29.3,33.8,38.1,46.8,38.4,33.8,29.0,-164.9,-144.0,-123.1,-103.4,-85.6,-71.2,-61.0,-53.4,-50.6,-52.4,-60.4,-73.0,-88.9,-108.2,-128.8,-150.4,-171.6,-189.8,-200.5,-204.8,-203.7,-199.3,-201.0,-206.3,-208.2,-205.8,-197.9,-178.9,-168.0,-157.4,-146.5,-133.0,-131.2,-130.0,-131.2,-132.9,-171.3,-176.2,-176.6,-172.6,-169.5,-169.0,-174.2,-178.8,-178.8,-175.0,-171.8,-171.5,-98.4,-110.9,-116.7,-115.0,-116.4,-110.4,-99.7,-88.9,-85.0,-84.6,-85.1,-89.1,-100.0,-107.5,-107.6,-107.3,-100.1,-96.2,-95.9,-96.3,843.2,840.7,839.0,836.1,827.6,816.6,803.3,790.9,788.3,793.6,805.5,817.1,826.1,832.2,836.6,839.9,843.9,821.2,821.0,817.3,812.7,808.8,808.7,812.2,816.6,820.0,820.8,803.7,796.2,789.2,781.6,787.4,786.5,785.7,786.5,787.9,813.6,810.8,809.4,807.9,808.2,809.4,810.1,809.8,810.7,813.3,809.6,808.4,782.2,778.0,776.7,775.6,776.4,777.7,781.1,776.3,776.6,776.6,776.8,776.6,780.4,777.7,776.8,777.0,780.0,779.2,778.8,779.0
25,0,0.849,0.98,1,34.8,-132.7,774.4,-0.164,-0.001,-0.045,-40.6,-39.7,-36.2,-30.5,-22.8,-11.7,2.3,19.2,37.4,55.2,70.7,84.4,93.7,99.5,103.4,106.2,107.6,-23.0,-15.4,-3.0,10.4,21.7,46.0,57.2,68.8,79.8,87.5,34.5,35.2,35.8,36.4,26.2,31.2,36.3,41.7,46.3,-7.7,-0.3,8.6,15.7,8.7,-0.0,52.1,58.9,67.6,74.2,68.4,59.8,22.6,26.5,32.6,36.8,40.7,46.7,50.4,47.3,42.2,37.6,32.7,26.7,26.9,32.6,36.8,40.8,46.7,41.2,37.0,32.5,-158.7,-137.6,-116.4,-96.6,-79.9,-66.8,-58.2,-52.6,-51.1,-53.1,-61.2,-73.5,-88.6,-106.8,-126.7,-148.2,-169.3,-188.9,-200.1,-205.1,-204.6,-200.7,-203.4,-208.8,-210.7,-208.2,-200.3,-180.9,-170.3,-160.1,-149.7,-134.3,-132.8,-131.8,-133.0,-134.6,-170.8,-176.4,-177.2,-173.5,-169.9,-168.9,-175.9,-180.9,-180.9,-176.8,-173.5,-173.3,-98.5,-111.5,-117.5,-115.9,-117.3,-111.3,-100.3,-91.2,-87.1,-86.5,-86.9,-90.8,-100.7,-108.1,-108.4,-108.1,-101.0,-98.3,-97.8,-98.2,821.5,818.0,815.4,811.0,800.1,787.6,773.6,762.4,760.9,767.7,780.1,792.7,803.6,812.4,819.3,824.4,830.1,805.1,806.1,803.2,799.1,795.7,796.9,801.2,806.7,810.9,812.2,789.6,780.9,772.6,763.7,767.9,767.2,766.7,767.7,769.7,796.6,794.6,793.6,792.1,791.8,792.6,796.1,796.6,797.9,800.8,796.3,794.5,754.7,753.8,755.3,754.4,755.7,755.1,755.4,752.4,754.7,754.3,754.0,751.3,753.0,755.5,755.0,755.5,754.2,757.8,757.0,756.7
26,0,0.884,0.98,1,34.7,-132.8,753.5,-0.249,0.008,-0.063,-39.9,-38.7,-34.5,-28.0,-20.2,-9.3,4.7,21.5,39.7,57.4,72.4,85.2,93.1,97.9,101.7,104.6,105.9,-23.0,-16.2,-4.1,9.1,20.3,45.6,56.6,67.8,78.5,85.8,33.8,34.5,35.2,35.7,26.7,31.3,36.1,41.1,45.3,-7.3,-0.4,8.5,15.5,8.9,0.2,51.2,58.0,66.6,73.0,67.5,58.9,26.7,28.7,33.0,36.8,40.0,44.7,46.9,45.4,41.9,38.0,33.7,29.3,30.7,33.3,37.0,40.3,43.3,40.7,37.2,33.4,-154.1,-132.7,-111.4,-91.8,-76.1,-64.4,-57.9,-54.5,-54.0,-55.9,-63.4,-74.9,-88.9,-106.0,-125.1,-146.5,-167.2,-187.6,-199.2,-204.9,-204.8,-201.4,-204.5,-209.7,-211.5,-208.7,-200.5,-182.0,-171.9,-162.3,-152.5,-135.6,-134.2,-133.5,-134.4,-136.0,-170.4,-176.4,-177.7,-174.1,-170.2,-168.7,-176.7,-181.7,-181.7,-177.2,-174.1,-174.0,-99.5,-112.7,-118.6,-117.0,-118.3,-112.0,-101.1,-94.3,-90.3,-89.8,-90.2,-94.1,-102.7,-108.8,-109.2,-108.6,-102.2,-101.6,-101.2,-101.5,805.0,800.5,796.9,791.0,778.2,764.1,748.3,737.0,735.4,743.0,756.6,770.7,783.2,793.2,800.9,806.4,813.3,791.6,793.2,790.5,786.2,782.4,783.9,788.5,794.6,799.0,800.2,775.2,765.4,756.0,745.9,749.2,748.6,748.2,749.1,751.3,781.8,780.0,778.9,777.2,776.7,777.5,781.5,782.2,783.6,786.7,781.5,779.6,728.4,730.0,733.7,732.8,734.2,731.8,729.2,727.7,732.0,731.7,731.3,726.7,726.5,733.2,732.9,733.4,727.8,735.7,735.1,734.5
27,0,0.920,0.98,1,34.2,-134.0,742.1,-0.288,0.013,-0.075,-40.6,-39.2,-34.8,-28.0,-19.9,-8.8,5.6,22.6,40.9,58.8,73.7,86.0,93.2,97.3,100.7,103.2,104.3,-23.6,-17.3,-5.4,7.7,18.9,45.0,55.8,66.8,77.2,84.2,33.0,33.7,34.4,35.0,26.5,30.9,35.6,40.4,44.5,-7.6,-0.8,7.9,14.9,8.4,-0.1,50.2,56.9,65.4,71.7,66.2,57.8,27.3,29.1,32.9,36.5,39.3,43.5,45.7,44.2,41.2,37.7,33.8,29.8,31.1,33.3,36.7,39.7,42.2,40.0,36.9,33.5,-152.5,-131.0,-109.7,-90.3,-75.3,-64.3,-59.2,-56.9,-57.0,-59.0,-65.8,-76.9,-90.4,-107.1,-125.8,-147.2,-167.5,-187.3,-199.0,-205.3,-205.5,-202.6,-206.0,-210.8,-212.4,-209.3,-200.8,-183.4,-173.9,-164.8,-155.5,-137.7,-136.3,-135.6,-136.5,-138.0,-170.8,-176.9,-178.3,-175.0,-170.9,-169.3,-177.7,-182.6,-182.5,-177.8,-174.9,-175.0,-102.0,-114.4,-119.9,-118.2,-119.4,-113.4,-103.1,-97.6,-94.0,-93.6,-94.0,-97.7,-105.4,-110.7,-111.0,-110.3,-104.5,-104.5,-104.1,-104.5,796.5,791.2,786.6,779.6,765.7,750.9,734.3,722.7,721.4,729.6,744.1,758.7,771.9,782.4,790.5,796.3,804.1,783.1,785.0,782.5,778.1,774.0,775.6,780.6,787.0,791.3,792.6,766.2,755.8,745.6,734.9,738.0,737.5,737.0,737.9,740.2,772.1,770.6,769.7,768.1,767.1,767.7,772.4,773.3,774.7,777.8,772.4,770.5,715.6,717.6,721.8,721.0,722.5,719.8,716.9,714.9,719.4,719.0,718.5,713.8,713.7,720.8,720.7,721.3,715.2,723.5,722.8,722.2
28,0,0.955,0.98,1,33.4,-135.5,732.9,-0.327,0.035,-0.079,-41.2,-39.6,-34.7,-27.4,-18.6,-7.2,7.1,23.4,41.4,59.2,74.0,86.0,92.6,96.1,99.1,101.4,102.1,-24.1,-18.0,-6.2,6.9,18.3,43.9,54.4,65.5,75.9,82.7,32.4,32.9,33.4,33.7,25.4,29.8,34.5,39.5,43.7,-8.0,-1.3,7.2,14.2,7.8,-0.6,49.1,56.1,64.5,70.8,65.2,56.7,25.6,27.5,31.5,35.2,38.2,42.5,44.8,43.1,40.1,36.5,32.4,28.3,29.2,32.0,35.5,38.7,41.1,39.0,35.7,32.2,-150.8,-128.9,-107.2,-87.8,-73.9,-64.3,-61.0,-60.0,-60.2,-61.8,-67.9,-78.4,-91.5,-107.7,-126.2,-147.4,-167.1,-187.5,-199.8,-206.6,-206.8,-203.6,-206.8,-211.7,-212.9,-209.5,-200.5,-185.1,-175.9,-167.2,-158.3,-139.9,-138.6,-138.0,-138.7,-140.0,-172.2,-178.2,-179.6,-176.4,-172.5,-170.8,-178.6,-183.3,-183.1,-178.2,-175.7,-175.9,-105.3,-117.2,-122.4,-120.6,-121.7,-115.9,-105.8,-100.8,-97.3,-97.1,-97.6,-101.4,-108.6,-113.2,-113.4,-112.7,-107.2,-107.7,-107.5,-107.9,792.0,785.9,780.2,771.8,756.4,740.0,721.7,709.9,709.1,717.8,733.2,748.2,761.5,771.9,779.7,785.7,794.0,777.3,779.7,777.4,772.7,768.1,769.2,774.2,780.5,784.3,784.8,759.5,748.2,737.2,725.6,729.0,728.3,727.6,728.6,731.2,765.5,764.2,763.2,761.4,760.4,761.0,765.1,766.0,767.2,770.1,764.7,763.0,706.1,707.9,712.1,711.3,712.9,710.1,707.4,704.5,708.5,707.7,707.3,703.2,704.1,710.7,710.6,711.5,705.6,713.3,712.2,711.6
29,0,0.990,0.98,1,32.8,-136.2,728.3,-0.341,0.044,-0.074,-41.0,-39.7,-35.1,-28.0,-19.1,-7.5,6.4,22.5,40.4,58.1,73.1,85.1,92.0,95.8,98.7,100.6,100.9,-24.0,-17.6,-6.0,6.9,18.0,42.8,53.0,64.2,74.7,81.4,31.7,32.2,32.7,33.0,23.9,28.8,33.8,39.1,43.7,-8.5,-1.9,6.5,13.8,7.1,-1.2,48.2,55.3,63.7,70.0,64.3,55.9,21.3,24.4,29.7,34.3,38.4,44.0,47.6,44.7,40.4,35.6,30.6,25.2,25.0,30.3,34.6,38.9,43.8,39.4,35.0,30.4,-149.5,-128.2,-106.9,-87.6,-74.1,-65.0,-61.8,-60.7,-60.7,-62.1,-68.1,-78.0,-91.1,-106.8,-125.2,-145.6,-164.6,-188.9,-200.8,-207.4,-207.6,-203.7,-206.9,-212.3,-213.3,-209.6,-200.6,-185.7,-176.7,-168.1,-159.4,-140.6,-139.5,-138.9,-139.7,-140.9,-172.8,-178.9,-180.1,-176.7,-173.2,-171.8,-178.9,-183.6,-183.6,-178.7,-176.5,-176.6,-106.6,-119.1,-124.5,-122.8,-124.0,-118.4,-107.9,-101.9,-98.2,-97.9,-98.4,-102.1,-109.6,-115.0,-115.3,-114.7,-109.0,-108.6,-108.3,-108.7,787.4,780.9,774.9,766.4,750.8,733.9,715.0,702.3,701.4,709.7,725.4,740.8,753.6,764.1,771.8,778.3,786.9,772.7,775.2,773.2,768.4,763.9,764.3,769.3,775.5,779.0,778.8,754.6,743.0,731.6,719.7,723.8,722.6,721.5,722.9,725.7,760.9,759.8,758.8,757.0,756.0,756.5,759.8,760.9,761.9,764.2,759.2,757.8,704.5,704.3,707.1,706.1,708.0,706.3,705.5,700.4,702.1,700.8,700.7,698.7,702.4,705.7,705.4,706.6,703.8,707.5,706.1,705.7
30,0,1.026,0.98,1,32.9,-136.3,731.3,-0.324,0.045,-0.071,-40.6,-39.4,-35.0,-28.3,-19.7,-8.0,6.1,22.3,40.2,57.9,73.0,85.1,92.2,96.3,99.3,101.2,101.6,-24.1,-17.5,-6.0,6.7,17.7,43.3,53.4,64.3,74.7,81.7,31.9,32.4,32.9,33.2,23.9,28.9,34.0,39.3,44.0,-8.2,-1.5,6.9,14.1,7.4,-0.9,48.4,55.5,63.8,70.2,64.5,56.2,20.0,23.9,29.7,34.4,38.9,44.7,48.7,45.3,40.6,35.6,30.4,24.5,23.8,30.1,34.8,39.4,45.0,39.7,34.9,30.2,-150.2,-129.1,-107.9,-88.5,-74.8,-65.4,-61.9,-60.7,-60.7,-62.2,-68.1,-78.0,-90.9,-106.5,-124.9,-145.3,-164.4,-189.5,-201.0,-207.2,-207.3,-203.6,-206.6,-212.0,-213.1,-209.9,-201.7,-186.0,-176.5,-167.5,-158.3,-139.9,-138.8,-138.2,-139.0,-140.4,-173.6,-179.5,-180.7,-177.2,-173.9,-172.6,-179.2,-184.0,-184.0,-179.3,-177.0,-177.1,-106.6,-118.2,-123.2,-121.6,-122.8,-117.7,-108.2,-102.2,-98.6,-98.2,-98.7,-102.1,-109.3,-114.0,-114.3,-113.9,-109.0,-108.9,-108.5,-108.9,790.3,784.2,778.5,770.5,754.9,737.9,718.7,705.5,704.5,712.9,728.9,744.2,756.9,767.3,774.7,780.7,789.0,775.1,776.9,774.6,769.7,765.1,765.6,770.4,776.5,780.0,780.1,756.2,744.5,732.9,721.0,726.3,724.8,723.5,725.0,727.9,763.2,762.0,761.0,759.3,758.2,758.7,761.9,762.9,763.8,766.1,761.2,759.9,709.2,708.1,710.4,709.4,711.3,709.9,710.0,704.5,705.8,704.4,704.3,702.8,707.0,709.2,708.8,710.1,708.2,711.1,709.6,709.3
31,0,1.061,0.98,1,33.7,-136.5,742.4,-0.290,0.038,-0.062,-40.7,-39.6,-35.5,-29.0,-20.6,-8.8,5.8,22.4,40.4,58.1,73.3,85.6,93.3,97.8,101.0,103.1,103.9,-23.7,-16.4,-4.7,8.0,19.2,44.7,54.9,65.8,76.3,83.9,33.2,33.6,34.2,34.5,24.7,29.8,35.0,40.5,45.2,-7.8,-0.9,7.6,14.9,8.1,-0.3,50.0,57.2,65.6,72.1,66.3,57.9,19.4,24.3,30.5,35.3,39.8,46.0,50.6,46.4,41.2,36.1,30.9,24.6,23.3,30.8,35.5,40.2,46.9,40.3,35.6,30.8,-152.6,-131.7,-110.6,-91.1,-77.0,-67.1,-63.1,-61.6,-61.3,-62.6,-68.2,-77.9,-90.9,-106.8,-125.5,-146.1,-165.5,-190.8,-202.0,-207.6,-207.7,-204.1,-206.7,-212.0,-213.2,-210.7,-203.1,-186.2,-176.2,-166.5,-156.7,-139.2,-138.0,-137.3,-138.3,-139.8,-174.3,-180.1,-181.1,-177.6,-174.4,-173.1,-179.6,-184.4,-184.4,-179.7,-177.3,-177.4,-106.2,-117.1,-121.9,-120.3,-121.5,-116.6,-107.8,-101.8,-98.4,-98.1,-98.5,-101.6,-108.6,-113.2,-113.3,-113.1,-108.5,-108.6,-108.2,-108.5,800.7,794.8,789.7,782.2,767.4,751.0,732.0,718.8,718.0,726.3,742.3,757.1,769.4,779.4,786.4,792.1,799.9,784.3,785.5,783.1,778.0,773.2,774.0,778.7,784.5,788.0,788.4,765.2,753.8,742.6,731.1,737.0,735.4,734.1,735.6,738.4,772.7,771.4,770.4,768.7,767.6,768.2,771.2,772.2,773.1,775.4,770.6,769.3,722.7,720.9,722.6,721.6,723.4,722.4,723.3,717.4,718.4,716.9,716.9,715.9,720.3,721.5,721.1,722.4,721.4,723.4,721.9,721.7
32,0,1.096,0.98,1,34.5,-136.1,755.9,-0.235,0.029,-0.045,-40.8,-39.8,-36.1,-30.5,-22.6,-10.9,3.5,20.2,38.5,56.7,72.9,86.5,95.2,100.2,103.6,105.8,106.8,-23.4,-15.4,-3.2,9.9,21.4,46.3,57.0,68.4,79.4,87.4,34.9,35.3,35.7,36.0,25.4,30.6,36.0,41.6,46.6,-7.1,0.2,8.8,16.0,9.0,0.5,51.9,59.1,67.6,74.3,68.2,59.8,18.0,24.2,31.2,35.9,40.5,47.1,52.7,47.1,41.2,36.1,30.9,24.1,22.0,31.3,36.0,40.7,48.9,40.5,35.8,31.1,-155.6,-134.9,-114.0,-94.5,-79.5,-68.7,-63.7,-61.3,-60.6,-62.0,-67.8,-77.7,-91.0,-107.4,-126.0,-146.3,-165.7,-190.8,-201.7,-206.8,-206.4,-202.5,-204.7,-210.1,-211.7,-209.4,-201.8,-185.1,-174.4,-164.1,-153.6,-137.6,-136.3,-135.3,-136.3,-138.0,-174.7,-180.2,-181.1,-177.2,-174.3,-173.3,-178.9,-183.8,-183.8,-179.3,-176.7,-176.7,-105.4,-115.2,-119.9,-118.3,-119.5,-114.9,-106.7,-100.9,-98.2,-97.9,-98.3,-100.8,-107.3,-111.4,-111.5,-111.3,-107.2,-108.3,-108.0,-108.2,813.8,808.5,803.8,797.3,784.0,768.7,750.7,736.6,735.0,742.7,759.0,773.8,785.9,795.3,801.8,806.7,813.8,794.6,794.7,791.7,786.3,781.2,782.1,786.9,792.8,796.9,798.0,774.6,763.9,753.3,742.4,749.4,747.6,746.3,747.9,750.5,783.7,781.9,780.7,779.2,778.1,778.8,781.8,782.6,783.6,785.9,781.3,780.1,739.8,736.7,736.9,736.0,737.6,737.7,740.2,733.2,733.2,731.9,732.1,732.2,737.3,736.3,735.8,737.0,738.2,737.7,736.2,736.2
33,0,1.132,0.98,1,35.8,-135.3,771.1,-0.170,0.030,-0.039,-41.0,-39.9,-36.5,-31.4,-23.4,-11.3,3.6,20.6,39.4,58.1,74.9,88.9,97.9,103.0,105.9,107.9,108.8,-22.8,-14.4,-1.8,11.6,23.4,47.8,58.9,70.7,82.2,90.3,36.7,36.9,37.2,37.4,25.7,31.4,37.2,43.2,48.5,-6.3,1.2,9.9,17.1,10.0,1.3,53.7,61.1,69.7,76.6,70.2,61.8,15.8,23.7,31.6,36.8,42.0,49.5,56.5,49.3,42.3,36.6,30.9,23.2,19.9,31.6,36.8,42.1,52.5,41.9,36.5,31.3,-158.1,-137.1,-116.2,-96.5,-80.9,-69.4,-63.6,-60.7,-60.1,-61.8,-68.1,-78.4,-92.2,-109.2,-128.0,-147.9,-167.2,-190.2,-200.9,-205.7,-204.9,-200.5,-202.2,-207.8,-209.5,-207.2,-199.4,-183.1,-172.0,-161.3,-150.3,-135.5,-134.0,-132.8,-134.0,-135.8,-174.3,-179.4,-180.0,-175.9,-173.2,-172.5,-177.2,-182.2,-182.2,-177.8,-175.1,-175.1,-104.2,-113.1,-117.4,-115.7,-117.0,-112.7,-105.3,-99.5,-97.3,-97.1,-97.4,-99.5,-105.6,-109.5,-109.5,-109.5,-105.5,-106.8,-106.6,-106.8,829.7,824.9,820.6,814.6,802.3,787.7,769.8,755.1,753.3,761.2,777.9,792.2,803.2,811.2,816.4,820.5,826.8,805.5,804.6,801.1,795.5,790.2,791.0,795.8,801.5,805.9,807.6,784.7,774.7,764.7,754.6,763.1,761.2,759.7,761.4,764.0,794.9,793.0,791.8,790.5,789.3,790.1,792.8,793.5,794.5,796.9,792.5,791.3,759.2,754.1,752.7,751.9,753.5,755.1,759.9,751.0,749.2,747.8,748.1,750.0,756.7,752.4,751.9,753.2,757.6,753.4,751.7,751.9
34,0,1.167,0.98,1,36.7,-133.6,783.5,-0.113,0.026,-0.031,-40.7,-39.6,-36.6,-31.8,-24.3,-12.3,2.4,19.6,38.6,57.9,75.4,90.1,99.8,105.0,107.8,109.9,110.9,-22.1,-13.0,-0.3,13.1,25.0,49.6,61.1,72.9,84.4,92.7,38.2,38.4,38.7,38.9,26.1,32.2,38.3,44.6,50.1,-5.9,1.8,10.6,17.8,10.4,1.7,55.6,63.0,71.7,78.7,72.2,63.7,15.1,23.7,32.1,37.5,43.0,50.9,58.2,50.6,43.0,36.9,31.0,22.9,19.2,31.9,37.4,43.1,54.2,42.7,37.0,31.5,-160.6,-139.1,-117.7,-97.7,-81.2,-68.8,-62.1,-58.4,-57.5,-59.3,-66.0,-77.2,-92.1,-110.4,-129.9,-150.1,-169.9,-188.8,-199.1,-203.5,-202.6,-198.6,-200.2,-205.1,-206.7,-204.6,-196.9,-180.5,-168.9,-157.7,-146.2,-132.8,-131.0,-129.6,-131.0,-132.9,-172.2,-177.0,-177.5,-173.5,-170.8,-170.2,-174.8,-179.5,-179.5,-175.4,-172.7,-172.6,-101.7,-110.7,-114.9,-113.3,-114.7,-110.3,-102.6,-96.6,-94.7,-94.4,-94.8,-96.7,-102.7,-107.2,-107.1,-107.1,-102.9,-104.2,-103.9,-104.1,839.6,835.4,831.9,826.7,816.0,802.9,786.1,771.3,769.2,776.8,793.1,806.9,817.1,823.9,828.1,831.8,837.6,813.3,812.1,808.7,803.5,798.4,799.7,804.3,809.3,813.0,814.5,793.7,784.8,775.9,766.9,775.1,773.2,771.7,773.3,775.6,803.4,801.2,800.1,798.9,797.8,798.6,801.8,802.1,803.1,805.6,801.5,800.3,773.3,768.0,766.1,765.0,766.6,768.9,774.2,764.9,762.1,760.8,761.4,764.0,771.0,765.8,765.1,766.3,772.0,765.9,764.4,764.9
35,0,1.202,0.98,1,37.8,-131.0,792.3,-0.029,0.043,-0.029,-40.1,-38.8,-35.9,-31.5,-24.1,-12.0,2.5,19.8,39.3,59.4,77.9,93.2,102.8,107.5,109.5,111.3,112.0,-20.9,-11.8,1.2,14.8,27.1,50.6,62.3,74.3,86.3,94.5,39.9,40.0,40.1,40.2,26.7,33.0,39.4,46.0,51.7,-4.5,3.5,12.3,19.4,11.9,3.2,57.0,64.6,73.3,80.3,73.6,65.2,13.6,22.8,32.1,37.9,44.1,52.7,60.8,52.1,43.6,36.9,30.5,21.6,17.7,31.9,37.8,44.0,56.6,43.6,37.2,31.2,-162.8,-140.7,-118.8,-98.3,-80.7,-67.0,-58.5,-53.5,-52.2,-54.9,-63.3,-76.5,-93.2,-112.8,-132.8,-153.1,-173.2,-185.3,-195.7,-199.9,-198.4,-193.8,-195.0,-200.2,-202.0,-200.1,-192.2,-176.4,-164.6,-153.0,-141.1,-129.3,-127.3,-125.5,-127.0,-129.0,-169.8,-174.0,-174.3,-170.3,-167.7,-167.5,-171.4,-175.7,-175.7,-172.0,-169.1,-169.0,-99.4,-108.3,-112.1,-110.3,-111.7,-107.5,-99.8,-92.2,-90.0,-89.8,-90.2,-92.7,-100.1,-104.3,-104.0,-104.1,-99.9,-99.9,-99.6,-99.9,847.8,844.7,842.3,837.8,828.5,816.5,800.3,784.9,782.7,789.9,805.7,818.2,826.6,831.3,833.5,835.6,840.1,816.7,814.6,810.8,805.7,800.8,801.9,805.8,809.9,813.4,814.9,797.0,789.2,781.5,773.9,782.8,780.8,779.3,780.9,782.9,807.2,804.8,803.8,802.7,801.8,802.6,805.4,804.9,805.7,807.9,804.6,803.8,785.7,778.6,775.2,774.0,775.5,778.5,785.0,775.0,771.4,770.1,771.1,775.1,783.6,775.4,774.4,775.6,783.0,774.9,773.3,774.2
36,0,1.238,0.98,1,39.0,-126.7,794.9,0.061,0.042,-0.028,-39.5,-38.4,-35.6,-31.2,-23.4,-10.9,4.2,21.7,41.3,61.5,79.8,95.0,104.4,108.9,110.7,112.4,112.9,-19.4,-10.1,3.0,16.7,29.2,51.5,63.3,75.6,87.7,95.9,41.5,41.5,41.6,41.7,27.9,34.3,40.6,47.2,52.8,-3.6,4.5,13.3,20.4,12.9,4.2,58.4,66.1,74.8,82.0,75.1,66.6,14.3,23.6,33.2,38.7,44.4,53.3,61.7,52.6,43.8,37.5,31.2,22.2,18.4,32.9,38.5,44.3,57.4,43.9,37.9,32.1,-162.6,-140.7,-119.0,-98.3,-80.0,-65.3,-55.6,-49.3,-47.8,-51.3,-61.4,-75.8,-93.0,-112.5,-132.0,-151.7,-171.2,-180.5,-190.4,-194.3,-192.4,-187.2,-188.4,-193.7,-195.8,-194.0,-186.2,-170.6,-158.7,-147.1,-135.0,-124.2,-122.1,-120.2,-121.7,-123.6,-165.2,-168.8,-169.0,-165.2,-162.7,-162.6,-166.3,-170.2,-170.1,-166.8,-163.8,-163.8,-94.9,-103.3,-107.0,-105.1,-106.5,-102.0,-94.6,-85.5,-83.0,-82.9,-83.5,-86.7,-95.4,-98.9,-98.5,-98.5,-94.5,-93.7,-93.5,-93.9,848.2,847.0,846.5,843.5,835.5,824.6,808.8,794.0,792.6,799.8,814.8,825.6,832.2,835.0,835.6,836.3,839.0,813.2,810.4,806.1,801.0,796.3,797.6,801.4,805.7,809.6,811.7,793.5,786.7,779.7,773.0,783.0,781.6,780.4,782.0,783.6,805.2,802.4,801.5,800.2,799.7,800.7,803.3,802.6,803.6,806.1,802.9,802.0,790.1,781.6,777.0,776.1,777.5,781.3,789.2,779.7,776.2,774.9,775.8,779.9,787.8,778.4,777.5,778.7,787.3,778.5,777.0,777.7
37,0,1.273,0.98,1,40.9,-121.7,795.1,0.125,0.020,-0.031,-38.1,-37.3,-34.6,-29.7,-21.4,-8.5,6.9,24.3,43.4,62.8,80.2,95.1,104.8,109.9,112.3,114.4,115.1,-17.6,-8.9,4.2,18.1,30.4,52.8,64.9,77.3,89.4,97.5,42.5,42.6,42.7,42.8,29.5,35.8,42.1,48.6,54.2,-2.2,6.0,14.8,22.0,14.5,5.8,59.9,67.6,76.4,83.5,76.6,68.0,19.3,26.9,35.7,41.2,46.7,55.1,61.9,55.0,47.2,41.0,34.7,26.3,23.7,35.6,41.2,46.8,57.6,46.8,40.9,35.2,-160.5,-139.0,-117.6,-97.0,-78.3,-62.9,-51.8,-44.3,-42.6,-46.5,-57.7,-72.5,-89.8,-109.3,-128.9,-148.7,-168.4,-175.0,-184.7,-188.2,-186.1,-180.8,-182.0,-187.2,-189.7,-188.0,-180.2,-164.2,-152.3,-140.8,-128.9,-118.8,-116.8,-115.1,-116.6,-118.6,-160.3,-163.5,-163.7,-159.9,-157.6,-157.4,-161.3,-164.9,-164.8,-162.0,-158.8,-158.7,-88.5,-98.1,-102.6,-100.6,-102.2,-97.2,-88.6,-78.7,-75.3,-74.9,-75.5,-79.1,-89.3,-93.9,-93.5,-93.5,-88.7,-87.3,-86.8,-87.2,841.9,842.9,844.9,844.0,837.7,828.0,813.3,800.9,800.7,808.4,821.6,831.3,837.2,839.1,838.4,837.8,838.9,808.5,804.9,800.4,796.1,792.4,793.8,797.4,802.0,806.4,809.2,790.7,784.7,778.6,772.6,782.1,781.4,780.9,782.5,784.2,801.9,798.8,797.9,797.0,797.0,797.9,800.7,799.7,801.1,804.4,801.1,799.8,788.1,779.6,775.8,775.2,776.5,780.5,788.3,782.1,780.1,779.0,779.4,781.1,786.1,778.7,777.9,779.1,786.5,780.8,779.5,779.9
38,0,1.309,0.98,1,42.2,-119.8,800.1,0.140,0.001,-0.019,-37.1,-36.4,-34.0,-29.7,-22.2,-9.9,5.7,23.9,43.5,63.1,80.5,95.5,105.7,111.2,113.8,116.1,117.0,-16.3,-6.9,6.1,19.6,31.8,54.7,66.9,79.1,91.3,99.9,44.0,44.2,44.4,44.7,30.6,37.2,43.8,50.4,56.3,-1.2,7.1,16.0,23.4,15.7,6.9,61.7,69.5,78.3,85.6,78.6,70.0,19.3,27.7,37.0,42.9,48.8,57.6,64.8,57.5,49.2,42.5,35.8,26.9,23.8,36.7,42.7,48.8,60.5,48.7,42.4,36.3,-159.3,-138.4,-117.6,-97.5,-79.1,-63.4,-51.7,-43.6,-41.4,-44.9,-55.1,-69.5,-86.6,-106.5,-126.4,-146.7,-166.9,-173.6,-182.3,-185.0,-182.9,-178.1,-179.2,-184.3,-186.6,-185.2,-178.0,-161.7,-149.8,-138.2,-126.2,-116.7,-114.5,-112.7,-114.4,-116.4,-158.2,-161.5,-161.6,-157.7,-155.4,-155.3,-159.0,-162.8,-162.7,-159.9,-156.7,-156.6,-86.7,-96.3,-100.6,-98.6,-100.2,-95.4,-86.8,-77.0,-73.5,-73.1,-73.8,-77.4,-87.3,-92.0,-91.7,-91.7,-86.9,-85.4,-85.0,-85.4,843.7,844.5,846.6,846.3,841.4,832.9,819.1,806.3,805.6,813.6,827.9,838.6,845.0,846.7,845.3,844.3,845.1,811.1,807.4,803.4,799.3,795.7,797.6,801.8,806.4,810.7,813.8,794.6,789.2,783.5,778.1,787.4,786.6,786.1,787.8,789.5,805.8,802.8,802.1,801.3,801.1,802.0,805.4,804.6,806.2,809.5,806.1,804.7,794.6,785.3,781.5,780.7,782.0,786.7,795.1,788.1,785.0,784.0,784.5,787.0,792.6,784.2,783.3,784.3,793.3,785.7,784.5,785.1
39,0,1.344,0.98,1,43.4,-120.3,806.7,0.155,-0.005,-0.007,-36.4,-35.8,-33.7,-29.8,-22.3,-9.9,5.9,24.2,43.7,63.1,80.6,95.9,106.7,112.9,115.8,118.3,119.4,-15.2,-5.8,7.4,21.2,33.6,56.4,68.7,81.2,93.5,102.1,45.6,45.8,46.0,46.2,31.9,38.5,45.1,51.8,57.7,0.2,8.6,17.5,24.8,17.2,8.4,63.4,71.0,79.8,87.2,80.2,71.6,19.8,28.7,38.1,44.0,50.1,58.8,66.2,58.5,50.0,43.2,36.5,27.7,24.4,37.6,43.7,49.9,62.0,49.7,43.3,37.1,-160.8,-140.0,-119.4,-99.6,-81.2,-65.6,-54.0,-45.6,-43.2,-46.1,-55.7,-69.2,-85.8,-105.4,-125.6,-146.3,-166.9,-173.7,-182.5,-185.3,-183.1,-178.1,-179.2,-184.4,-186.7,-185.1,-177.7,-161.5,-149.5,-137.8,-125.7,-116.7,-114.4,-112.5,-114.2,-116.2,-158.5,-161.8,-161.9,-157.8,-155.6,-155.6,-158.9,-162.9,-162.8,-159.9,-156.7,-156.5,-87.7,-96.3,-100.2,-98.1,-99.7,-95.2,-87.4,-77.9,-74.8,-74.4,-75.2,-78.8,-88.3,-92.2,-91.7,-91.7,-87.4,-85.8,-85.5,-86.1,849.4,850.0,852.0,851.9,847.0,838.7,824.9,812.1,811.6,819.6,834.3,845.3,852.1,854.5,853.3,852.2,852.8,816.6,812.7,808.6,804.4,800.6,802.6,806.6,811.3,815.9,819.5,799.9,794.7,789.3,784.2,793.7,792.9,792.2,794.0,795.5,810.9,808.1,807.4,806.8,806.5,807.2,810.6,810.0,811.6,815.0,811.6,810.1,801.6,792.6,788.8,788.1,789.3,794.3,802.8,795.4,792.1,791.0,791.5,794.3,799.6,791.2,790.4,791.4,800.9,792.8,791.6,792.3
40,0,1.379,0.98,1,43.9,-120.4,809.1,0.161,-0.004,-0.002,-36.0,-35.5,-33.5,-29.5,-21.9,-9.2,6.6,24.7,44.0,63.1,80.5,95.9,107.0,113.4,116.6,119.1,120.3,-14.6,-5.0,8.3,22.2,34.5,57.0,69.3,81.8,94.2,103.0,46.1,46.3,46.5,46.6,32.4,38.9,45.5,52.2,58.2,0.8,9.1,18.0,25.3,17.6,8.9,64.1,71.8,80.6,87.9,81.0,72.4,20.0,29.2,38.4,44.4,50.7,59.4,67.0,58.9,50.4,43.5,36.7,28.1,24.5,37.9,44.1,50.5,62.8,50.2,43.6,37.3,-162.0,-141.2,-120.6,-100.7,-82.2,-66.5,-54.7,-46.2,-43.7,-46.4,-55.7,-68.9,-85.4,-104.9,-125.3,-146.2,-167.1,-174.0,-182.7,-185.3,-183.0,-178.0,-179.1,-184.3,-186.6,-185.0,-177.6,-161.6,-149.5,-137.6,-125.4,-116.4,-114.1,-112.1,-113.8,-115.8,-158.8,-162.1,-162.2,-158.0,-155.8,-155.7,-158.9,-163.0,-162.9,-159.9,-156.6,-156.5,-88.2,-95.9,-99.4,-97.3,-98.8,-94.6,-87.5,-78.9,-76.1,-75.8,-76.6,-80.0,-88.6,-91.7,-91.1,-91.2,-87.6,-86.6,-86.3,-87.0,852.2,852.6,854.6,854.5,849.2,840.6,826.8,814.2,813.9,822.0,836.9,848.0,854.8,857.3,856.4,855.0,855.5,818.9,814.8,810.6,806.3,802.5,804.3,808.1,812.9,817.5,821.4,801.8,796.5,791.1,785.9,796.0,795.1,794.3,796.0,797.6,813.1,810.3,809.7,809.1,808.7,809.4,812.6,812.0,813.5,816.9,813.6,812.1,804.2,795.4,791.9,791.2,792.5,797.4,805.8,798.0,794.5,793.2,793.8,796.7,802.1,793.9,793.2,794.3,803.7,795.3,794.0,794.7
41,0,1.415,0.98,1,44.4,-120.8,813.0,0.175,-0.011,0.002,-35.1,-35.0,-33.2,-29.5,-22.0,-9.3,6.5,24.5,43.6,62.6,79.9,95.5,107.0,113.9,117.3,119.9,121.2,-14.3,-4.5,8.9,22.8,35.2,57.6,70.1,82.6,95.0,103.9,46.6,46.8,46.9,47.1,32.7,39.3,45.9,52.7,58.7,1.1,9.5,18.4,25.7,18.1,9.2,64.9,72.5,81.4,88.7,81.8,73.1,20.0,29.7,39.0,45.0,51.4,60.1,67.9,59.7,51.1,44.1,37.3,28.6,24.6,38.4,44.7,51.1,63.7,50.8,44.2,37.9,-162.9,-142.2,-121.7,-101.8,-83.3,-67.6,-55.9,-47.2,-44.7,-47.3,-56.6,-69.5,-85.8,-105.3,-125.7,-146.5,-167.5,-174.5,-183.0,-185.4,-183.1,-178.2,-179.4,-184.5,-186.8,-185.1,-177.8,-161.8,-149.5,-137.5,-125.1,-116.2,-113.8,-111.9,-113.6,-115.6,-159.2,-162.5,-162.5,-158.3,-156.0,-156.0,-159.2,-163.4,-163.3,-160.2,-156.9,-156.8,-88.6,-95.6,-98.7,-96.7,-98.2,-94.4,-88.1,-79.7,-76.9,-76.6,-77.4,-80.6,-88.8,-91.2,-90.6,-90.9,-88.0,-87.3,-87.0,-87.6,853.8,854.5,857.0,857.4,852.3,843.9,830.4,818.1,817.9,826.2,841.0,852.2,859.1,861.8,860.9,859.4,859.6,821.8,817.3,813.1,808.9,805.1,807.2,810.9,815.7,820.2,824.2,804.7,799.5,794.2,789.1,799.4,798.4,797.7,799.5,801.2,815.9,813.0,812.4,812.0,811.5,812.2,815.6,815.0,816.5,820.0,816.7,815.2,808.1,799.6,796.2,795.5,796.9,801.9,810.3,802.6,798.8,797.4,797.9,800.9,806.1,798.2,797.5,798.7,808.1,799.3,798.0,798.6
42,0,1.450,0.98,1,44.8,-121.4,816.6,0.182,-0.019,0.003,-34.4,-34.2,-32.6,-29.4,-22.5,-10.4,5.1,23.1,42.6,62.2,80.3,96.4,108.1,114.9,118.0,120.5,121.8,-14.1,-4.4,9.1,23.1,35.7,57.6,70.2,82.8,95.3,104.3,46.9,47.1,47.3,47.4,33.2,39.8,46.4,53.2,59.2,1.5,9.9,18.9,26.2,18.6,9.8,65.4,73.0,81.8,89.2,82.3,73.7,20.0,30.3,39.8,45.8,52.1,61.0,69.3,60.7,51.9,45.0,38.3,29.2,24.7,39.2,45.4,51.9,65.2,51.6,45.0,38.7,-163.0,-142.5,-122.3,-102.9,-84.8,-69.5,-58.0,-49.0,-46.1,-48.3,-57.3,-70.2,-86.7,-106.5,-127.0,-147.8,-168.8,-174.8,-183.1,-185.6,-183.3,-178.4,-179.8,-185.1,-187.5,-185.9,-178.8,-162.3,-150.0,-138.0,-125.6,-116.4,-114.0,-112.1,-113.8,-115.9,-159.4,-162.7,-162.8,-158.7,-156.3,-156.3,-159.8,-164.0,-164.0,-160.9,-157.6,-157.5,-89.1,-95.5,-98.4,-96.4,-98.0,-94.5,-88.9,-80.5,-77.7,-77.3,-78.0,-81.2,-89.2,-91.0,-90.4,-90.7,-88.7,-87.8,-87.5,-88.2,855.5,855.9,858.3,859.2,854.9,847.0,833.7,821.2,820.6,829.0,844.6,856.6,863.9,866.7,865.7,864.1,864.4,825.2,820.4,816.1,811.8,807.9,810.4,814.0,818.8,823.1,826.9,808.0,802.8,797.5,792.3,802.7,801.7,801.2,803.1,804.9,819.1,816.0,815.4,815.4,814.7,815.3,819.0,818.2,819.7,823.2,819.9,818.6,812.1,803.7,800.1,799.5,800.8,806.0,814.6,806.2,801.9,800.6,801.1,804.5,810.1,802.0,801.4,802.5,812.4,802.3,801.0,801.7
43,0,1.485,0.98,1,45.0,-121.6,816.6,0.181,-0.021,-0.000,-34.0,-33.7,-32.1,-28.8,-21.9,-9.9,5.6,23.5,42.8,62.4,80.4,96.6,108.4,115.3,118.4,120.8,122.0,-14.2,-4.5,8.9,23.0,35.5,57.7,70.2,82.7,95.3,104.4,47.0,47.3,47.6,47.8,33.6,40.2,46.8,53.5,59.6,1.7,10.1,19.1,26.4,18.8,10.0,65.4,73.0,81.8,89.2,82.3,73.7,20.3,30.7,40.1,46.1,52.7,61.5,69.9,61.2,52.5,45.4,38.6,29.6,24.9,39.5,45.8,52.5,65.8,52.1,45.3,39.0,-162.7,-142.4,-122.4,-103.1,-85.0,-69.7,-58.1,-48.9,-45.8,-48.0,-57.0,-70.1,-86.8,-106.7,-127.5,-148.5,-169.8,-174.5,-182.9,-185.3,-183.0,-178.1,-179.5,-185.0,-187.5,-186.1,-179.1,-162.2,-149.8,-137.7,-125.2,-116.3,-113.8,-111.9,-113.7,-115.8,-159.3,-162.6,-162.7,-158.6,-156.3,-156.1,-159.9,-164.2,-164.2,-161.2,-157.8,-157.6,-89.8,-95.7,-98.4,-96.4,-98.0,-94.7,-89.6,-81.4,-78.7,-78.3,-79.1,-82.2,-89.8,-91.2,-90.6,-90.9,-89.3,-88.6,-88.2,-88.9,856.1,856.3,858.3,859.2,854.9,847.3,834.3,821.7,820.9,829.2,845.0,857.2,864.8,867.9,867.2,865.6,865.8,825.8,820.7,816.3,811.8,808.0,810.2,813.7,818.8,823.4,827.6,808.0,802.6,797.1,791.7,802.8,801.5,800.8,802.8,804.7,819.5,816.3,815.7,815.7,814.9,815.5,819.3,818.5,820.0,823.5,820.2,818.8,812.3,803.8,800.2,799.6,800.9,806.1,814.9,806.0,801.4,800.1,800.7,804.3,810.1,802.0,801.3,802.5,812.6,802.1,800.7,801.5
44,0,1.521,0.98,1,45.4,-122.5,819.3,0.186,-0.022,-0.005,-33.8,-33.5,-31.8,-28.5,-21.5,-9.3,6.5,24.6,43.9,63.3,81.1,97.1,109.0,115.9,119.0,121.2,122.3,-14.3,-4.6,9.0,23.1,35.8,57.3,69.9,82.6,95.3,104.7,46.9,47.3,47.7,48.0,33.8,40.5,47.1,53.9,60.0,1.9,10.2,19.2,26.6,19.0,10.2,65.4,73.1,82.0,89.4,82.5,73.9,20.6,31.4,40.9,46.8,53.2,62.1,71.0,61.9,53.2,46.3,39.7,30.5,25.2,40.4,46.5,53.0,66.9,52.7,46.1,39.9,-163.4,-143.2,-123.3,-104.1,-86.3,-71.1,-59.6,-50.4,-47.5,-49.8,-58.7,-71.4,-87.8,-107.7,-128.5,-149.6,-170.9,-175.0,-183.2,-185.6,-183.3,-178.3,-179.8,-185.6,-188.2,-186.8,-179.9,-162.8,-150.4,-138.2,-125.7,-116.9,-114.4,-112.5,-114.4,-116.6,-159.9,-163.2,-163.3,-159.2,-156.9,-156.7,-160.6,-165.1,-165.1,-162.2,-158.8,-158.4,-91.3,-96.3,-98.7,-96.8,-98.5,-95.7,-91.5,-83.3,-80.5,-80.1,-80.8,-83.7,-91.2,-91.9,-91.3,-91.8,-91.1,-90.1,-89.7,-90.3,859.7,859.7,861.4,862.2,858.1,850.5,837.3,824.5,824.0,832.4,848.6,861.0,868.8,872.2,871.7,870.0,870.3,829.2,823.7,819.0,814.2,810.0,811.8,815.5,821.0,826.0,830.7,810.2,804.5,798.6,793.0,804.8,803.5,802.7,804.9,807.0,822.6,819.3,818.6,818.6,817.8,818.4,821.7,821.1,822.7,826.3,822.8,821.4,815.7,806.8,803.0,802.5,803.8,809.2,818.6,808.7,803.7,802.4,803.0,807.0,813.5,804.7,804.1,805.4,816.1,804.5,803.1,803.8
45,0,1.556,0.98,1,46.1,-124.0,825.9,0.198,-0.015,-0.018,-33.8,-33.4,-31.6,-28.0,-20.3,-7.2,9.4,27.6,46.7,65.5,82.8,98.5,110.3,117.3,120.2,122.1,123.0,-14.3,-4.6,9.0,23.2,36.0,57.0,69.6,82.5,95.5,105.1,47.1,47.5,47.9,48.2,34.2,40.9,47.6,54.5,60.7,1.9,10.2,19.2,26.7,19.1,10.2,65.6,73.3,82.2,89.8,82.8,74.1,20.9,32.1,41.7,47.5,53.8,63.0,72.4,63.0,54.1,47.4,40.8,31.5,25.5,41.3,47.4,53.8,68.3,53.5,47.0,41.0,-164.5,-144.3,-124.2,-104.9,-87.2,-72.4,-61.6,-53.3,-51.1,-53.8,-62.6,-74.8,-90.7,-110.0,-130.5,-151.3,-172.5,-176.2,-184.4,-186.8,-184.5,-179.3,-181.0,-186.9,-189.8,-188.5,-181.6,-163.9,-151.5,-139.3,-126.8,-117.8,-115.5,-113.8,-115.7,-117.9,-161.0,-164.4,-164.5,-160.3,-157.9,-157.7,-161.9,-166.6,-166.8,-163.9,-160.3,-159.9,-92.7,-97.1,-99.4,-97.7,-99.3,-96.9,-93.6,-85.3,-82.4,-81.9,-82.5,-85.2,-92.5,-92.8,-92.3,-93.0,-93.0,-91.9,-91.4,-91.9,867.5,867.7,869.6,870.5,866.1,857.9,843.7,830.9,830.5,839.1,855.4,867.8,875.4,878.8,878.1,876.2,876.4,835.6,829.8,824.9,819.8,815.3,816.7,820.6,826.3,831.4,836.4,815.6,810.0,804.0,798.4,810.7,809.5,808.7,811.0,813.0,829.0,825.6,824.8,824.9,824.1,824.7,827.1,826.7,828.4,832.2,828.5,827.0,823.3,814.0,809.8,809.4,810.7,816.3,826.3,816.0,810.6,809.1,809.6,814.3,821.0,811.5,811.1,812.3,823.7,811.2,809.7,810.5
46,0,1.592,0.98,1,46.2,-125.5,832.5,0.195,-0.015,-0.019,-33.5,-33.0,-31.2,-27.7,-20.3,-7.7,8.2,26.0,45.1,64.4,82.4,98.8,111.2,118.3,121.2,123.0,123.8,-14.5,-4.9,8.6,22.9,35.7,56.8,69.4,82.4,95.4,105.0,46.9,47.3,47.7,48.1,34.3,41.0,47.7,54.5,60.6,1.7,10.0,19.0,26.5,18.9,10.1,65.7,73.2,82.1,89.8,82.8,74.1,21.2,32.4,42.0,47.7,54.0,63.2,72.7,63.3,54.3,47.6,41.1,31.7,25.8,41.6,47.6,53.9,68.7,53.6,47.2,41.2,-164.8,-144.7,-124.8,-105.9,-88.6,-74.3,-63.8,-55.2,-52.5,-54.7,-63.4,-75.7,-91.8,-111.5,-132.3,-153.2,-174.4,-177.4,-185.6,-188.1,-185.9,-180.9,-182.7,-188.8,-191.6,-190.3,-183.3,-165.4,-153.0,-140.8,-128.4,-119.3,-116.9,-115.2,-117.2,-119.4,-162.2,-165.6,-165.8,-161.8,-159.3,-159.1,-163.6,-168.2,-168.4,-165.6,-162.0,-161.6,-94.1,-98.7,-101.0,-99.3,-101.0,-98.6,-95.2,-86.8,-83.8,-83.3,-83.9,-86.7,-94.0,-94.3,-93.8,-94.4,-94.7,-93.3,-92.8,-93.4,872.9,872.8,874.6,875.8,871.8,863.8,850.0,837.2,836.5,844.8,861.1,873.9,881.9,885.5,885.1,883.4,883.6,842.5,836.7,831.9,826.8,822.3,823.8,827.4,832.8,837.6,842.1,822.6,817.0,811.2,805.6,817.4,816.1,815.4,817.7,819.6,835.8,832.2,831.3,831.5,830.7,831.4,833.7,833.0,834.5,838.2,834.7,833.4,829.7,820.8,816.5,815.9,817.1,822.8,832.4,822.4,817.0,815.7,816.4,821.1,827.5,818.3,817.6,818.7,830.1,817.5,816.2,817.1
47,0,1.627,0.98,1,46.1,-126.2,835.4,0.183,-0.014,-0.021,-33.1,-32.6,-30.8,-27.3,-20.0,-7.6,8.1,25.7,44.6,63.9,81.9,98.5,111.1,118.5,121.5,123.4,124.2,-14.7,-5.2,8.3,22.5,35.3,56.7,69.3,82.2,95.3,105.0,46.6,47.1,47.5,47.9,34.2,40.9,47.6,54.4,60.6,1.6,9.9,18.9,26.4,18.9,10.0,65.7,73.1,82.0,89.8,82.7,74.1,21.3,32.4,42.1,47.8,54.0,63.3,72.9,63.4,54.4,47.7,41.3,31.8,25.9,41.7,47.6,53.9,68.8,53.7,47.3,41.3,-164.6,-144.6,-124.9,-106.1,-88.9,-74.6,-64.0,-55.3,-52.5,-54.6,-63.1,-75.5,-91.6,-111.5,-132.6,-153.8,-175.3,-177.9,-186.2,-188.8,-186.8,-182.0,-183.8,-189.8,-192.7,-191.3,-184.3,-166.4,-154.0,-141.8,-129.4,-120.2,-117.8,-116.1,-118.2,-120.3,-162.9,-166.3,-166.5,-162.5,-160.1,-159.8,-164.5,-169.2,-169.4,-166.5,-163.0,-162.5,-95.0,-99.6,-102.0,-100.2,-102.0,-99.6,-96.3,-87.7,-84.8,-84.3,-84.9,-87.7,-94.8,-95.3,-94.8,-95.4,-95.7,-94.2,-93.8,-94.3,875.8,875.4,876.9,877.9,873.9,866.1,852.8,840.1,839.1,847.0,863.1,875.9,884.2,888.1,888.2,886.7,887.2,846.3,840.6,835.8,830.7,826.2,827.6,831.1,836.4,841.0,845.3,826.1,820.4,814.4,808.8,820.4,819.0,818.3,820.6,822.6,839.5,835.9,835.0,835.0,834.3,835.1,837.0,836.3,837.8,841.3,837.8,836.6,832.8,823.9,819.5,818.8,819.9,825.6,835.3,825.0,819.5,818.3,819.0,823.9,830.6,821.2,820.4,821.4,832.9,820.1,818.9,819.8
48,0,1.662,0.98,1,45.8,-125.9,834.5,0.179,-0.001,-0.026,-33.3,-32.7,-30.6,-26.9,-19.4,-6.9,8.8,26.6,45.7,65.0,83.0,99.3,111.4,118.4,121.1,122.7,123.4,-14.8,-5.4,7.8,21.9,34.4,56.3,68.7,81.6,94.5,104.1,46.1,46.6,47.1,47.5,33.9,40.5,47.2,54.0,60.1,1.4,9.6,18.5,26.1,18.5,9.6,64.9,72.4,81.3,89.0,82.0,73.4,21.0,32.0,41.6,47.3,53.5,62.8,72.6,63.0,53.9,47.2,40.8,31.4,25.5,41.2,47.2,53.5,68.5,53.2,46.8,40.8,-164.5,-144.6,-124.8,-105.8,-88.4,-73.7,-62.8,-54.0,-51.3,-53.8,-62.7,-75.4,-91.7,-111.5,-132.3,-153.3,-174.5,-177.6,-186.0,-188.6,-186.5,-181.7,-183.5,-189.5,-192.3,-191.0,-184.1,-166.1,-153.8,-141.6,-129.1,-120.0,-117.6,-115.9,-117.9,-120.2,-162.5,-166.1,-166.3,-162.3,-159.8,-159.5,-164.2,-168.9,-169.1,-166.2,-162.7,-162.2,-95.1,-99.6,-102.0,-100.3,-102.0,-99.7,-96.4,-87.7,-84.7,-84.2,-84.7,-87.6,-94.9,-95.3,-94.9,-95.5,-95.7,-94.1,-93.6,-94.1,877.6,877.2,878.5,879.0,874.5,866.4,852.9,839.8,838.7,846.5,862.4,874.7,882.5,886.1,886.0,884.6,885.0,846.4,840.8,835.8,830.6,826.0,826.8,830.4,835.7,840.4,844.8,825.5,819.7,813.6,807.7,820.0,818.4,817.5,819.6,821.6,839.5,836.0,835.0,834.9,834.2,835.0,836.6,835.9,837.3,840.6,837.2,836.0,832.5,823.1,818.6,817.9,818.9,824.4,834.3,823.8,818.4,817.2,818.0,822.9,830.2,820.2,819.5,820.5,831.9,819.3,818.0,819.0
49,0,1.698,0.98,1,45.7,-126.2,837.2,0.172,0.002,-0.027,-33.1,-32.4,-30.2,-26.5,-19.2,-7.0,8.4,25.8,45.0,64.6,82.9,99.5,111.7,118.6,121.3,123.0,123.7,-15.1,-5.9,7.3,21.4,34.0,56.1,68.5,81.3,94.2,103.8,45.8,46.3,46.7,47.1,33.7,40.3,47.0,53.8,59.9,1.3,9.5,18.4,26.0,18.4,9.5,64.8,72.3,81.2,89.0,81.9,73.3,21.3,32.1,41.6,47.2,53.3,62.6,72.3,62.8,53.8,47.2,41.0,31.6,25.8,41.3,47.1,53.3,68.2,53.1,46.8,41.0,-164.2,-144.2,-124.4,-105.5,-88.3,-73.9,-63.3,-54.6,-51.8,-54.1,-62.8,-75.3,-91.7,-111.7,-132.6,-153.5,-174.7,-177.9,-186.4,-189.1,-187.0,-182.2,-183.9,-189.8,-192.6,-191.3,-184.4,-166.5,-154.1,-142.0,-129.6,-120.4,-118.0,-116.3,-118.4,-120.6,-162.9,-166.4,-166.6,-162.6,-160.1,-159.8,-164.4,-169.1,-169.3,-166.4,-162.9,-162.4,-95.3,-100.1,-102.5,-100.8,-102.5,-100.1,-96.7,-88.0,-85.0,-84.5,-85.0,-87.8,-95.2,-95.9,-95.4,-96.0,-96.1,-94.3,-93.8,-94.3,881.0,880.3,881.3,881.6,877.4,869.5,856.0,842.6,841.2,848.8,864.8,877.4,885.4,888.9,889.0,887.7,888.4,850.2,844.5,839.4,834.0,829.1,830.2,833.8,838.9,843.3,847.3,828.9,822.9,816.6,810.7,822.8,821.2,820.3,822.3,824.3,843.0,839.3,838.2,838.1,837.5,838.3,839.7,839.0,840.3,843.6,840.2,839.0,835.1,825.8,821.2,820.5,821.5,827.0,836.7,826.2,820.8,819.7,820.6,825.5,832.9,822.8,822.0,823.0,834.3,821.8,820.6,821.7
50,0,1.733,0.98,1,45.6,-125.6,836.0,0.160,0.017,-0.032,-33.2,-32.4,-30.1,-26.2,-18.7,-6.2,9.5,27.3,46.8,66.4,84.6,100.7,112.2,118.3,120.6,122.1,122.6,-15.2,-6.0,7.4,21.4,34.0,55.6,68.1,81.0,94.0,103.5,45.6,46.0,46.3,46.7,33.4,40.0,46.6,53.3,59.4,1.1,9.2,18.2,25.7,18.1,9.3,64.3,71.9,80.8,88.5,81.4,72.8,21.1,31.6,40.9,46.7,52.9,62.1,71.7,62.3,53.4,46.7,40.4,31.2,25.6,40.8,46.7,53.0,67.5,52.7,46.3,40.4,-163.9,-143.8,-123.9,-104.7,-87.1,-72.4,-61.5,-52.9,-50.5,-53.3,-62.6,-75.4,-91.8,-111.3,-131.7,-152.2,-172.8,-177.6,-186.2,-188.9,-186.6,-181.4,-182.9,-189.0,-191.8,-190.6,-183.6,-166.0,-153.6,-141.6,-129.2,-119.9,-117.7,-115.9,-117.9,-120.2,-162.6,-166.1,-166.3,-162.3,-159.8,-159.5,-163.9,-168.5,-168.6,-165.7,-162.3,-161.9,-94.7,-99.8,-102.3,-100.6,-102.3,-99.8,-96.0,-87.6,-84.7,-84.1,-84.6,-87.3,-94.7,-95.5,-95.0,-95.7,-95.5,-94.2,-93.6,-94.1,883.1,882.8,883.7,883.6,878.6,869.6,855.0,840.9,839.7,847.7,863.7,875.8,883.3,886.4,886.0,884.6,885.0,850.6,844.7,839.4,833.7,828.8,829.2,832.8,838.2,843.1,847.6,828.4,822.2,815.8,809.7,822.2,820.6,819.6,821.5,823.5,843.2,839.6,838.4,838.2,837.6,838.6,839.5,838.8,840.1,843.4,840.0,838.8,833.7,824.0,819.6,819.0,820.0,825.1,834.7,824.4,819.4,818.2,818.9,823.6,831.4,821.3,820.6,821.7,832.2,820.6,819.2,820.1
51,0,1.768,0.98,1,45.4,-126.0,840.9,0.149,0.019,-0.029,-33.2,-32.5,-30.3,-26.5,-18.8,-6.3,9.1,26.6,45.9,65.6,84.1,100.4,112.1,118.3,120.6,122.1,122.7,-15.4,-6.1,7.3,21.4,34.0,55.7,68.2,81.3,94.3,103.6,45.5,45.9,46.1,46.4,33.0,39.7,46.3,53.1,59.3,0.9,9.0,17.9,25.4,17.8,9.0,64.4,72.0,80.8,88.4,81.4,72.8,20.8,31.2,40.5,46.4,52.8,62.1,71.6,62.2,53.3,46.4,39.9,30.7,25.3,40.3,46.4,52.9,67.3,52.6,46.1,40.0,-164.1,-143.9,-123.8,-104.5,-86.9,-72.5,-61.9,-53.5,-51.0,-53.6,-62.9,-75.7,-91.9,-111.4,-131.7,-152.0,-172.5,-178.9,-187.6,-190.2,-187.8,-182.5,-183.9,-190.0,-192.8,-191.4,-184.3,-166.5,-154.4,-142.6,-130.4,-120.7,-118.4,-116.7,-118.6,-120.9,-163.2,-166.6,-166.8,-162.9,-160.4,-160.2,-164.4,-168.7,-168.8,-165.9,-162.6,-162.2,-94.9,-100.2,-102.9,-101.1,-102.8,-100.2,-96.0,-87.9,-85.0,-84.4,-84.9,-87.6,-94.9,-95.8,-95.4,-96.0,-95.6,-94.6,-94.1,-94.5,887.7,887.5,888.6,888.5,883.1,873.6,858.8,845.0,843.6,851.5,867.2,879.3,886.7,889.7,889.4,888.3,889.1,855.8,850.1,844.8,839.2,834.6,835.0,838.6,843.9,848.8,853.1,833.9,827.8,821.4,815.3,827.4,825.9,824.9,826.8,828.7,848.3,844.7,843.6,843.5,842.8,843.8,844.8,844.1,845.4,848.7,845.3,844.1,838.0,828.5,824.3,823.7,824.8,830.0,839.4,829.4,824.4,823.1,823.8,828.3,835.7,826.0,825.3,826.4,836.9,825.5,824.1,824.9
